kandang,minggu,umur_hari,bobot_gram,berat_std_gr
K01,1,7,122.1,110
K01,1,7,103.4,110
K01,1,7,99.4,110
K01,1,7,115.4,110
K01,1,7,122.0,110
K01,1,7,117.3,110
K01,1,7,120.1,110
K01,1,7,102.4,110
K01,1,7,95.6,110
K01,1,7,125.2,110
K01,1,7,106.7,110
K01,1,7,107.5,110
K01,1,7,123.4,110
K01,1,7,115.6,110
K01,1,7,114.6,110
K01,1,7,131.9,110
K01,1,7,103.5,110
K01,1,7,119.4,110
K01,1,7,110.6,110
K01,1,7,112.7,110
K01,1,7,125.4,110
K01,1,7,115.1,110
K01,1,7,115.4,110
K01,1,7,120.8,110
K01,1,7,106.3,110
K01,1,7,101.5,110
K01,1,7,99.4,110
K01,1,7,90.1,110
K01,1,7,130.8,110
K01,1,7,98.9,110
K01,1,7,107.8,110
K01,1,7,107.2,110
K01,1,7,113.1,110
K01,1,7,118.2,110
K01,1,7,118.7,110
K01,1,7,104.1,110
K01,1,7,108.3,110
K01,1,7,112.9,110
K01,1,7,107.5,110
K01,1,7,126.2,110
K01,1,7,115.0,110
K01,1,7,117.4,110
K01,1,7,116.7,110
K01,1,7,121.9,110
K01,1,7,111.8,110
K01,1,7,96.9,110
K01,1,7,114.0,110
K01,1,7,103.4,110
K01,1,7,104.7,110
K01,2,14,201.2,190
K01,2,14,199.4,190
K01,2,14,203.8,190
K01,2,14,233.8,190
K01,2,14,210.5,190
K01,2,14,153.8,190
K01,2,14,191.5,190
K01,2,14,224.5,190
K01,2,14,201.9,190
K01,2,14,196.3,190
K01,2,14,207.1,190
K01,2,14,178.1,190
K01,2,14,199.1,190
K01,2,14,185.2,190
K01,2,14,189.6,190
K01,2,14,205.8,190
K01,2,14,172.4,190
K01,2,14,214.5,190
K01,2,14,181.9,190
K01,2,14,195.0,190
K01,2,14,163.3,190
K01,2,14,203.7,190
K01,2,14,217.5,190
K01,2,14,180.2,190
K01,2,14,168.9,190
K01,2,14,195.3,190
K01,2,14,217.7,190
K01,2,14,162.4,190
K01,2,14,168.9,190
K01,2,14,181.4,190
K01,2,14,174.4,190
K01,2,14,174.4,190
K01,2,14,150.1,190
K01,2,14,201.2,190
K01,2,14,196.5,190
K01,2,14,157.6,190
K01,2,14,217.8,190
K01,2,14,222.0,190
K01,2,14,175.7,190
K01,2,14,212.2,190
K01,2,14,179.1,190
K01,2,14,193.4,190
K01,2,14,174.1,190
K01,2,14,232.2,190
K01,2,14,184.4,190
K01,2,14,192.4,190
K01,2,14,176.9,190
K01,2,14,225.4,190
K01,2,14,225.9,190
K01,3,21,298.8,270
K01,3,21,286.7,270
K01,3,21,291.9,270
K01,3,21,254.5,270
K01,3,21,247.0,270
K01,3,21,269.9,270
K01,3,21,265.2,270
K01,3,21,257.3,270
K01,3,21,289.6,270
K01,3,21,296.9,270
K01,3,21,272.5,270
K01,3,21,311.5,270
K01,3,21,237.9,270
K01,3,21,264.6,270
K01,3,21,249.8,270
K01,3,21,217.5,270
K01,3,21,267.7,270
K01,3,21,266.6,270
K01,3,21,312.6,270
K01,3,21,287.7,270
K01,3,21,241.2,270
K01,3,21,322.1,270
K01,3,21,304.3,270
K01,3,21,286.4,270
K01,3,21,263.6,270
K01,3,21,243.0,270
K01,3,21,259.5,270
K01,3,21,300.6,270
K01,3,21,323.0,270
K01,3,21,313.4,270
K01,3,21,256.3,270
K01,3,21,238.5,270
K01,3,21,274.0,270
K01,3,21,220.3,270
K01,3,21,279.1,270
K01,3,21,265.8,270
K01,3,21,256.9,270
K01,3,21,225.2,270
K01,3,21,284.4,270
K01,3,21,255.0,270
K01,3,21,237.1,270
K01,3,21,189.2,270
K01,3,21,269.2,270
K01,3,21,319.8,270
K01,3,21,316.7,270
K01,3,21,257.1,270
K01,3,21,253.1,270
K01,3,21,283.2,270
K01,3,21,241.9,270
K01,4,28,361.6,350
K01,4,28,363.6,350
K01,4,28,354.7,350
K01,4,28,312.4,350
K01,4,28,315.6,350
K01,4,28,363.7,350
K01,4,28,341.5,350
K01,4,28,317.6,350
K01,4,28,314.5,350
K01,4,28,338.3,350
K01,4,28,410.4,350
K01,4,28,329.7,350
K01,4,28,349.5,350
K01,4,28,353.9,350
K01,4,28,306.4,350
K01,4,28,282.1,350
K01,4,28,310.5,350
K01,4,28,359.5,350
K01,4,28,353.4,350
K01,4,28,377.1,350
K01,4,28,353.7,350
K01,4,28,345.8,350
K01,4,28,326.7,350
K01,4,28,384.1,350
K01,4,28,314.6,350
K01,4,28,307.2,350
K01,4,28,371.8,350
K01,4,28,298.6,350
K01,4,28,443.0,350
K01,4,28,353.1,350
K01,4,28,363.4,350
K01,4,28,318.9,350
K01,4,28,337.9,350
K01,4,28,333.6,350
K01,4,28,329.1,350
K01,4,28,374.4,350
K01,4,28,332.7,350
K01,4,28,389.2,350
K01,4,28,452.6,350
K01,4,28,338.6,350
K01,4,28,355.9,350
K01,4,28,364.6,350
K01,4,28,419.8,350
K01,4,28,346.8,350
K01,4,28,318.1,350
K01,4,28,301.2,350
K01,4,28,347.8,350
K01,4,28,332.7,350
K01,4,28,427.4,350
K01,5,35,455.7,430
K01,5,35,515.3,430
K01,5,35,430.9,430
K01,5,35,399.8,430
K01,5,35,422.4,430
K01,5,35,487.0,430
K01,5,35,403.2,430
K01,5,35,396.8,430
K01,5,35,410.0,430
K01,5,35,390.5,430
K01,5,35,435.1,430
K01,5,35,497.4,430
K01,5,35,443.4,430
K01,5,35,419.5,430
K01,5,35,417.9,430
K01,5,35,365.2,430
K01,5,35,466.6,430
K01,5,35,426.8,430
K01,5,35,422.5,430
K01,5,35,562.5,430
K01,5,35,442.4,430
K01,5,35,398.8,430
K01,5,35,412.3,430
K01,5,35,477.6,430
K01,5,35,434.7,430
K01,5,35,370.3,430
K01,5,35,468.1,430
K01,5,35,402.3,430
K01,5,35,507.7,430
K01,5,35,474.8,430
K01,5,35,411.4,430
K01,5,35,483.1,430
K01,5,35,432.8,430
K01,5,35,465.4,430
K01,5,35,450.1,430
K01,5,35,394.9,430
K01,5,35,403.3,430
K01,5,35,472.7,430
K01,5,35,416.1,430
K01,5,35,413.3,430
K01,5,35,390.4,430
K01,5,35,447.6,430
K01,5,35,515.6,430
K01,5,35,385.7,430
K01,5,35,431.0,430
K01,5,35,488.6,430
K01,5,35,426.7,430
K01,5,35,448.8,430
K01,5,35,385.9,430
K01,6,42,482.7,460
K01,6,42,396.9,460
K01,6,42,446.5,460
K01,6,42,461.7,460
K01,6,42,445.8,460
K01,6,42,555.1,460
K01,6,42,471.9,460
K01,6,42,417.3,460
K01,6,42,491.6,460
K01,6,42,474.4,460
K01,6,42,476.1,460
K01,6,42,555.9,460
K01,6,42,478.6,460
K01,6,42,443.9,460
K01,6,42,356.3,460
K01,6,42,451.2,460
K01,6,42,529.3,460
K01,6,42,455.2,460
K01,6,42,341.2,460
K01,6,42,433.6,460
K01,6,42,512.6,460
K01,6,42,488.9,460
K01,6,42,415.5,460
K01,6,42,430.0,460
K01,6,42,438.2,460
K01,6,42,424.9,460
K01,6,42,352.4,460
K01,6,42,500.5,460
K01,6,42,526.7,460
K01,6,42,379.5,460
K01,6,42,526.0,460
K01,6,42,454.5,460
K01,6,42,525.0,460
K01,6,42,462.0,460
K01,6,42,467.2,460
K01,6,42,479.7,460
K01,6,42,418.1,460
K01,6,42,523.4,460
K01,6,42,400.5,460
K01,6,42,438.7,460
K01,6,42,487.8,460
K01,6,42,433.0,460
K01,6,42,501.2,460
K01,6,42,533.0,460
K01,6,42,513.7,460
K01,6,42,357.3,460
K01,6,42,466.7,460
K01,6,42,514.5,460
K01,6,42,390.2,460
K01,7,49,562.3,540
K01,7,49,571.0,540
K01,7,49,580.3,540
K01,7,49,610.4,540
K01,7,49,566.0,540
K01,7,49,524.7,540
K01,7,49,582.7,540
K01,7,49,660.6,540
K01,7,49,531.6,540
K01,7,49,478.1,540
K01,7,49,610.3,540
K01,7,49,532.4,540
K01,7,49,402.1,540
K01,7,49,593.8,540
K01,7,49,506.0,540
K01,7,49,534.3,540
K01,7,49,561.1,540
K01,7,49,552.1,540
K01,7,49,585.0,540
K01,7,49,512.4,540
K01,7,49,572.6,540
K01,7,49,523.5,540
K01,7,49,586.9,540
K01,7,49,579.1,540
K01,7,49,480.6,540
K01,7,49,608.9,540
K01,7,49,506.0,540
K01,7,49,591.3,540
K01,7,49,563.3,540
K01,7,49,656.7,540
K01,7,49,525.8,540
K01,7,49,517.8,540
K01,7,49,538.8,540
K01,7,49,520.8,540
K01,7,49,590.8,540
K01,7,49,437.4,540
K01,7,49,473.1,540
K01,7,49,472.2,540
K01,7,49,600.3,540
K01,7,49,648.6,540
K01,7,49,533.4,540
K01,7,49,529.3,540
K01,7,49,544.4,540
K01,7,49,613.7,540
K01,7,49,481.1,540
K01,7,49,555.1,540
K01,7,49,601.9,540
K01,7,49,571.8,540
K01,7,49,552.0,540
K01,8,56,682.5,620
K01,8,56,507.0,620
K01,8,56,577.1,620
K01,8,56,712.0,620
K01,8,56,598.0,620
K01,8,56,675.3,620
K01,8,56,634.4,620
K01,8,56,751.4,620
K01,8,56,550.5,620
K01,8,56,696.3,620
K01,8,56,729.2,620
K01,8,56,556.7,620
K01,8,56,668.9,620
K01,8,56,559.7,620
K01,8,56,621.9,620
K01,8,56,604.0,620
K01,8,56,470.0,620
K01,8,56,646.5,620
K01,8,56,628.9,620
K01,8,56,712.3,620
K01,8,56,658.2,620
K01,8,56,763.0,620
K01,8,56,626.7,620
K01,8,56,613.4,620
K01,8,56,608.5,620
K01,8,56,592.6,620
K01,8,56,482.2,620
K01,8,56,606.3,620
K01,8,56,490.9,620
K01,8,56,648.2,620
K01,8,56,542.6,620
K01,8,56,564.2,620
K01,8,56,578.2,620
K01,8,56,607.2,620
K01,8,56,620.4,620
K01,8,56,687.7,620
K01,8,56,583.9,620
K01,8,56,650.0,620
K01,8,56,790.5,620
K01,8,56,643.6,620
K01,8,56,608.7,620
K01,8,56,571.4,620
K01,8,56,607.9,620
K01,8,56,564.7,620
K01,8,56,636.8,620
K01,8,56,626.5,620
K01,8,56,485.0,620
K01,8,56,618.8,620
K01,8,56,687.2,620
K01,9,63,646.4,700
K01,9,63,585.5,700
K01,9,63,563.6,700
K01,9,63,580.1,700
K01,9,63,720.2,700
K01,9,63,738.5,700
K01,9,63,580.4,700
K01,9,63,767.7,700
K01,9,63,663.5,700
K01,9,63,711.1,700
K01,9,63,822.0,700
K01,9,63,767.9,700
K01,9,63,679.7,700
K01,9,63,632.6,700
K01,9,63,537.2,700
K01,9,63,645.6,700
K01,9,63,684.0,700
K01,9,63,625.3,700
K01,9,63,690.1,700
K01,9,63,705.8,700
K01,9,63,683.0,700
K01,9,63,650.8,700
K01,9,63,712.8,700
K01,9,63,733.4,700
K01,9,63,617.5,700
K01,9,63,806.8,700
K01,9,63,692.5,700
K01,9,63,701.4,700
K01,9,63,753.6,700
K01,9,63,717.6,700
K01,9,63,772.1,700
K01,9,63,721.7,700
K01,9,63,653.7,700
K01,9,63,727.4,700
K01,9,63,613.5,700
K01,9,63,708.2,700
K01,9,63,697.5,700
K01,9,63,684.3,700
K01,9,63,690.3,700
K01,9,63,557.6,700
K01,9,63,658.5,700
K01,9,63,707.0,700
K01,9,63,712.1,700
K01,9,63,622.2,700
K01,9,63,795.8,700
K01,9,63,634.5,700
K01,9,63,773.4,700
K01,9,63,732.3,700
K01,9,63,651.1,700
K01,10,70,928.1,780
K01,10,70,701.3,780
K01,10,70,688.7,780
K01,10,70,757.8,780
K01,10,70,899.5,780
K01,10,70,824.0,780
K01,10,70,820.8,780
K01,10,70,628.3,780
K01,10,70,722.2,780
K01,10,70,626.9,780
K01,10,70,877.7,780
K01,10,70,912.2,780
K01,10,70,845.0,780
K01,10,70,697.7,780
K01,10,70,903.6,780
K01,10,70,758.9,780
K01,10,70,678.7,780
K01,10,70,699.6,780
K01,10,70,744.1,780
K01,10,70,784.1,780
K01,10,70,766.5,780
K01,10,70,662.2,780
K01,10,70,881.2,780
K01,10,70,767.4,780
K01,10,70,720.5,780
K01,10,70,872.6,780
K01,10,70,681.3,780
K01,10,70,644.2,780
K01,10,70,886.1,780
K01,10,70,937.7,780
K01,10,70,741.5,780
K01,10,70,776.2,780
K01,10,70,684.4,780
K01,10,70,780.5,780
K01,10,70,740.3,780
K01,10,70,771.5,780
K01,10,70,814.1,780
K01,10,70,688.4,780
K01,10,70,749.8,780
K01,10,70,629.6,780
K01,10,70,750.4,780
K01,10,70,772.2,780
K01,10,70,799.1,780
K01,10,70,800.0,780
K01,10,70,855.4,780
K01,10,70,651.6,780
K01,10,70,656.0,780
K01,10,70,824.1,780
K01,10,70,610.0,780
K01,11,77,988.4,860
K01,11,77,1025.3,860
K01,11,77,907.3,860
K01,11,77,897.1,860
K01,11,77,726.5,860
K01,11,77,819.8,860
K01,11,77,801.6,860
K01,11,77,814.0,860
K01,11,77,847.5,860
K01,11,77,825.0,860
K01,11,77,713.3,860
K01,11,77,915.4,860
K01,11,77,780.5,860
K01,11,77,877.7,860
K01,11,77,1013.7,860
K01,11,77,791.9,860
K01,11,77,672.5,860
K01,11,77,838.8,860
K01,11,77,941.6,860
K01,11,77,1005.1,860
K01,11,77,768.9,860
K01,11,77,896.8,860
K01,11,77,825.5,860
K01,11,77,852.1,860
K01,11,77,1056.0,860
K01,11,77,748.6,860
K01,11,77,878.8,860
K01,11,77,894.7,860
K01,11,77,940.5,860
K01,11,77,867.3,860
K01,11,77,882.8,860
K01,11,77,831.0,860
K01,11,77,879.9,860
K01,11,77,834.6,860
K01,11,77,906.1,860
K01,11,77,832.6,860
K01,11,77,887.9,860
K01,11,77,857.8,860
K01,11,77,943.4,860
K01,11,77,856.2,860
K01,11,77,728.6,860
K01,11,77,953.5,860
K01,11,77,792.9,860
K01,11,77,811.6,860
K01,11,77,815.9,860
K01,11,77,961.8,860
K01,11,77,701.7,860
K01,11,77,1092.5,860
K01,11,77,938.3,860
K01,12,84,965.0,940
K01,12,84,1073.8,940
K01,12,84,902.2,940
K01,12,84,986.5,940
K01,12,84,1107.2,940
K01,12,84,1070.7,940
K01,12,84,917.1,940
K01,12,84,924.8,940
K01,12,84,1052.5,940
K01,12,84,1201.5,940
K01,12,84,961.6,940
K01,12,84,1159.3,940
K01,12,84,912.9,940
K01,12,84,1046.7,940
K01,12,84,1063.4,940
K01,12,84,894.1,940
K01,12,84,856.3,940
K01,12,84,1068.4,940
K01,12,84,880.4,940
K01,12,84,839.8,940
K01,12,84,863.3,940
K01,12,84,880.0,940
K01,12,84,1036.0,940
K01,12,84,997.7,940
K01,12,84,1020.2,940
K01,12,84,987.2,940
K01,12,84,873.4,940
K01,12,84,1018.1,940
K01,12,84,1072.5,940
K01,12,84,1005.5,940
K01,12,84,990.4,940
K01,12,84,854.0,940
K01,12,84,963.7,940
K01,12,84,848.1,940
K01,12,84,937.3,940
K01,12,84,756.2,940
K01,12,84,757.0,940
K01,12,84,918.6,940
K01,12,84,878.5,940
K01,12,84,952.0,940
K01,12,84,924.9,940
K01,12,84,943.4,940
K01,12,84,1008.2,940
K01,12,84,888.1,940
K01,12,84,915.4,940
K01,12,84,1103.1,940
K01,12,84,940.3,940
K01,12,84,919.9,940
K01,12,84,949.2,940
K01,13,91,884.0,1020
K01,13,91,955.5,1020
K01,13,91,955.0,1020
K01,13,91,940.5,1020
K01,13,91,1090.2,1020
K01,13,91,1003.6,1020
K01,13,91,997.6,1020
K01,13,91,850.5,1020
K01,13,91,1073.7,1020
K01,13,91,915.2,1020
K01,13,91,1025.1,1020
K01,13,91,1043.5,1020
K01,13,91,1135.1,1020
K01,13,91,909.3,1020
K01,13,91,764.6,1020
K01,13,91,1035.5,1020
K01,13,91,1172.3,1020
K01,13,91,1124.8,1020
K01,13,91,1037.7,1020
K01,13,91,978.4,1020
K01,13,91,1088.3,1020
K01,13,91,937.7,1020
K01,13,91,1060.3,1020
K01,13,91,1062.7,1020
K01,13,91,1109.7,1020
K01,13,91,1253.4,1020
K01,13,91,1053.2,1020
K01,13,91,977.0,1020
K01,13,91,1017.8,1020
K01,13,91,870.4,1020
K01,13,91,961.2,1020
K01,13,91,985.4,1020
K01,13,91,975.7,1020
K01,13,91,1032.9,1020
K01,13,91,950.4,1020
K01,13,91,1114.8,1020
K01,13,91,1020.0,1020
K01,13,91,1019.2,1020
K01,13,91,992.3,1020
K01,13,91,1033.1,1020
K01,13,91,1089.8,1020
K01,13,91,946.7,1020
K01,13,91,964.3,1020
K01,13,91,994.3,1020
K01,13,91,906.2,1020
K01,13,91,950.7,1020
K01,13,91,979.7,1020
K01,13,91,1094.0,1020
K01,14,98,1080.4,1100
K01,14,98,1216.0,1100
K01,14,98,1072.2,1100
K01,14,98,1192.8,1100
K01,14,98,1092.0,1100
K01,14,98,1343.2,1100
K01,14,98,1292.5,1100
K01,14,98,937.0,1100
K01,14,98,1164.1,1100
K01,14,98,999.8,1100
K01,14,98,1123.5,1100
K01,14,98,1108.4,1100
K01,14,98,970.5,1100
K01,14,98,1229.9,1100
K01,14,98,1124.9,1100
K01,14,98,1065.1,1100
K01,14,98,1046.2,1100
K01,14,98,1117.2,1100
K01,14,98,1150.1,1100
K01,14,98,1084.7,1100
K01,14,98,752.4,1100
K01,14,98,1102.1,1100
K01,14,98,923.1,1100
K01,14,98,1074.3,1100
K01,14,98,927.6,1100
K01,14,98,926.2,1100
K01,14,98,1251.6,1100
K01,14,98,1060.7,1100
K01,14,98,1051.3,1100
K01,14,98,1159.2,1100
K01,14,98,1054.5,1100
K01,14,98,1358.2,1100
K01,14,98,1066.5,1100
K01,14,98,1144.8,1100
K01,14,98,1219.1,1100
K01,14,98,1296.6,1100
K01,14,98,1008.9,1100
K01,14,98,1048.7,1100
K01,14,98,1256.4,1100
K01,14,98,1199.4,1100
K01,14,98,1231.9,1100
K01,14,98,932.0,1100
K01,14,98,1290.0,1100
K01,14,98,1006.6,1100
K01,14,98,1123.6,1100
K01,14,98,1081.8,1100
K01,14,98,992.2,1100
K01,14,98,926.7,1100
K01,15,105,1184.0,1180
K01,15,105,1082.6,1180
K01,15,105,1252.0,1180
K01,15,105,1130.1,1180
K01,15,105,1157.8,1180
K01,15,105,1083.4,1180
K01,15,105,931.1,1180
K01,15,105,1161.4,1180
K01,15,105,1414.4,1180
K01,15,105,1256.2,1180
K01,15,105,1178.1,1180
K01,15,105,1154.5,1180
K01,15,105,1182.2,1180
K01,15,105,1233.1,1180
K01,15,105,1065.3,1180
K01,15,105,1288.2,1180
K01,15,105,1249.5,1180
K01,15,105,1249.8,1180
K01,15,105,1222.6,1180
K01,15,105,1181.9,1180
K01,15,105,1245.4,1180
K01,15,105,1237.5,1180
K01,15,105,1145.6,1180
K01,15,105,1124.3,1180
K01,15,105,1189.9,1180
K01,15,105,1330.5,1180
K01,15,105,1059.6,1180
K01,15,105,1037.4,1180
K01,15,105,1196.0,1180
K01,15,105,1184.9,1180
K01,15,105,1196.8,1180
K01,15,105,1203.7,1180
K01,15,105,1158.3,1180
K01,15,105,1324.7,1180
K01,15,105,1024.5,1180
K01,15,105,1099.5,1180
K01,15,105,1170.0,1180
K01,15,105,1020.4,1180
K01,15,105,1162.9,1180
K01,15,105,1341.4,1180
K01,15,105,1182.0,1180
K01,15,105,1202.4,1180
K01,15,105,1057.6,1180
K01,15,105,1120.1,1180
K01,15,105,1143.6,1180
K01,15,105,1149.1,1180
K01,15,105,1304.5,1180
K01,15,105,1234.2,1180
K01,16,112,1302.3,1260
K01,16,112,1212.0,1260
K01,16,112,1091.3,1260
K01,16,112,1465.1,1260
K01,16,112,1108.0,1260
K01,16,112,1370.3,1260
K01,16,112,1343.0,1260
K01,16,112,1229.2,1260
K01,16,112,1225.8,1260
K01,16,112,1021.5,1260
K01,16,112,1302.9,1260
K01,16,112,1340.6,1260
K01,16,112,1118.5,1260
K01,16,112,1239.8,1260
K01,16,112,1264.9,1260
K01,16,112,1336.0,1260
K01,16,112,1260.5,1260
K01,16,112,1048.7,1260
K01,16,112,1191.1,1260
K01,16,112,1289.2,1260
K01,16,112,1369.4,1260
K01,16,112,1179.7,1260
K01,16,112,1544.3,1260
K01,16,112,1013.8,1260
K01,16,112,1186.7,1260
K01,16,112,1249.2,1260
K01,16,112,1233.9,1260
K01,16,112,1099.9,1260
K01,16,112,1318.2,1260
K01,16,112,1308.2,1260
K01,16,112,1266.2,1260
K01,16,112,1303.1,1260
K01,16,112,1204.9,1260
K01,16,112,1049.8,1260
K01,16,112,1166.9,1260
K01,16,112,1280.4,1260
K01,16,112,1281.1,1260
K01,16,112,1265.4,1260
K01,16,112,1331.3,1260
K01,16,112,1184.5,1260
K01,16,112,1263.5,1260
K01,16,112,1334.3,1260
K01,16,112,1249.0,1260
K01,16,112,1098.4,1260
K01,16,112,1135.1,1260
K01,16,112,1368.0,1260
K01,16,112,1440.9,1260
K01,16,112,1412.7,1260
K02,1,7,124.1,110
K02,1,7,113.4,110
K02,1,7,107.0,110
K02,1,7,110.0,110
K02,1,7,98.1,110
K02,1,7,115.8,110
K02,1,7,118.4,110
K02,1,7,105.7,110
K02,1,7,105.5,110
K02,1,7,112.5,110
K02,1,7,105.8,110
K02,1,7,109.4,110
K02,1,7,130.0,110
K02,1,7,107.6,110
K02,1,7,106.6,110
K02,1,7,103.8,110
K02,1,7,117.1,110
K02,1,7,108.3,110
K02,1,7,103.8,110
K02,1,7,122.6,110
K02,1,7,123.5,110
K02,1,7,104.3,110
K02,1,7,92.2,110
K02,1,7,119.6,110
K02,1,7,103.5,110
K02,1,7,117.5,110
K02,1,7,91.3,110
K02,1,7,118.5,110
K02,1,7,98.5,110
K02,1,7,117.0,110
K02,1,7,110.1,110
K02,1,7,100.9,110
K02,1,7,106.1,110
K02,1,7,116.5,110
K02,1,7,111.0,110
K02,1,7,115.6,110
K02,1,7,128.8,110
K02,1,7,95.1,110
K02,1,7,125.4,110
K02,1,7,111.0,110
K02,1,7,101.4,110
K02,1,7,97.3,110
K02,1,7,108.2,110
K02,1,7,118.8,110
K02,1,7,108.8,110
K02,1,7,124.4,110
K02,1,7,96.2,110
K02,1,7,109.9,110
K02,1,7,98.1,110
K02,2,14,196.4,190
K02,2,14,183.5,190
K02,2,14,197.9,190
K02,2,14,190.2,190
K02,2,14,202.6,190
K02,2,14,212.4,190
K02,2,14,183.5,190
K02,2,14,181.5,190
K02,2,14,207.0,190
K02,2,14,208.4,190
K02,2,14,203.1,190
K02,2,14,173.1,190
K02,2,14,197.5,190
K02,2,14,191.9,190
K02,2,14,208.7,190
K02,2,14,179.8,190
K02,2,14,160.5,190
K02,2,14,202.2,190
K02,2,14,144.7,190
K02,2,14,177.0,190
K02,2,14,171.9,190
K02,2,14,171.7,190
K02,2,14,176.7,190
K02,2,14,211.6,190
K02,2,14,204.5,190
K02,2,14,185.5,190
K02,2,14,210.1,190
K02,2,14,171.2,190
K02,2,14,168.8,190
K02,2,14,205.3,190
K02,2,14,200.3,190
K02,2,14,181.8,190
K02,2,14,169.9,190
K02,2,14,215.9,190
K02,2,14,159.5,190
K02,2,14,179.4,190
K02,2,14,194.1,190
K02,2,14,221.9,190
K02,2,14,196.8,190
K02,2,14,198.5,190
K02,2,14,179.9,190
K02,2,14,200.1,190
K02,2,14,191.9,190
K02,2,14,161.9,190
K02,2,14,204.1,190
K02,2,14,207.2,190
K02,2,14,204.2,190
K02,2,14,190.6,190
K02,2,14,173.1,190
K02,3,21,286.4,270
K02,3,21,265.0,270
K02,3,21,284.5,270
K02,3,21,294.1,270
K02,3,21,261.3,270
K02,3,21,318.6,270
K02,3,21,276.2,270
K02,3,21,283.5,270
K02,3,21,288.0,270
K02,3,21,281.4,270
K02,3,21,292.7,270
K02,3,21,253.3,270
K02,3,21,254.9,270
K02,3,21,240.2,270
K02,3,21,281.9,270
K02,3,21,291.1,270
K02,3,21,282.4,270
K02,3,21,315.4,270
K02,3,21,269.8,270
K02,3,21,288.1,270
K02,3,21,240.4,270
K02,3,21,259.5,270
K02,3,21,288.8,270
K02,3,21,293.0,270
K02,3,21,262.0,270
K02,3,21,268.1,270
K02,3,21,228.9,270
K02,3,21,260.3,270
K02,3,21,294.1,270
K02,3,21,285.6,270
K02,3,21,283.6,270
K02,3,21,271.3,270
K02,3,21,270.2,270
K02,3,21,252.1,270
K02,3,21,288.9,270
K02,3,21,281.4,270
K02,3,21,283.3,270
K02,3,21,255.7,270
K02,3,21,211.7,270
K02,3,21,299.7,270
K02,3,21,257.0,270
K02,3,21,246.6,270
K02,3,21,288.8,270
K02,3,21,259.4,270
K02,3,21,298.7,270
K02,3,21,286.7,270
K02,3,21,288.5,270
K02,3,21,233.0,270
K02,3,21,302.8,270
K02,4,28,360.6,350
K02,4,28,352.8,350
K02,4,28,324.0,350
K02,4,28,309.2,350
K02,4,28,305.2,350
K02,4,28,400.8,350
K02,4,28,288.4,350
K02,4,28,399.5,350
K02,4,28,314.7,350
K02,4,28,322.1,350
K02,4,28,343.8,350
K02,4,28,321.4,350
K02,4,28,387.9,350
K02,4,28,423.8,350
K02,4,28,323.3,350
K02,4,28,332.4,350
K02,4,28,343.4,350
K02,4,28,372.0,350
K02,4,28,343.8,350
K02,4,28,406.4,350
K02,4,28,396.7,350
K02,4,28,301.8,350
K02,4,28,371.2,350
K02,4,28,411.9,350
K02,4,28,329.9,350
K02,4,28,338.0,350
K02,4,28,328.5,350
K02,4,28,329.4,350
K02,4,28,282.1,350
K02,4,28,296.0,350
K02,4,28,353.2,350
K02,4,28,411.6,350
K02,4,28,325.0,350
K02,4,28,323.8,350
K02,4,28,419.2,350
K02,4,28,304.9,350
K02,4,28,282.4,350
K02,4,28,316.3,350
K02,4,28,323.0,350
K02,4,28,278.9,350
K02,4,28,344.8,350
K02,4,28,388.6,350
K02,4,28,297.7,350
K02,4,28,353.6,350
K02,4,28,366.1,350
K02,4,28,346.6,350
K02,4,28,357.6,350
K02,4,28,358.0,350
K02,4,28,316.9,350
K02,5,35,371.4,430
K02,5,35,467.4,430
K02,5,35,466.6,430
K02,5,35,378.2,430
K02,5,35,466.9,430
K02,5,35,499.4,430
K02,5,35,379.3,430
K02,5,35,388.6,430
K02,5,35,475.9,430
K02,5,35,442.3,430
K02,5,35,454.9,430
K02,5,35,445.4,430
K02,5,35,447.6,430
K02,5,35,370.1,430
K02,5,35,477.3,430
K02,5,35,482.8,430
K02,5,35,419.6,430
K02,5,35,428.0,430
K02,5,35,360.9,430
K02,5,35,453.2,430
K02,5,35,455.8,430
K02,5,35,427.2,430
K02,5,35,480.7,430
K02,5,35,414.9,430
K02,5,35,455.5,430
K02,5,35,384.0,430
K02,5,35,428.9,430
K02,5,35,422.1,430
K02,5,35,440.2,430
K02,5,35,413.3,430
K02,5,35,424.1,430
K02,5,35,467.3,430
K02,5,35,410.3,430
K02,5,35,357.5,430
K02,5,35,509.0,430
K02,5,35,492.3,430
K02,5,35,371.7,430
K02,5,35,461.1,430
K02,5,35,407.3,430
K02,5,35,441.9,430
K02,5,35,443.3,430
K02,5,35,419.4,430
K02,5,35,394.6,430
K02,5,35,398.8,430
K02,5,35,388.7,430
K02,5,35,392.5,430
K02,5,35,427.0,430
K02,5,35,397.7,430
K02,5,35,460.8,430
K02,6,42,533.1,460
K02,6,42,480.1,460
K02,6,42,482.3,460
K02,6,42,391.1,460
K02,6,42,470.2,460
K02,6,42,529.7,460
K02,6,42,493.5,460
K02,6,42,467.6,460
K02,6,42,544.2,460
K02,6,42,450.9,460
K02,6,42,429.5,460
K02,6,42,467.6,460
K02,6,42,497.7,460
K02,6,42,375.5,460
K02,6,42,474.0,460
K02,6,42,499.9,460
K02,6,42,446.7,460
K02,6,42,514.4,460
K02,6,42,491.5,460
K02,6,42,565.3,460
K02,6,42,423.1,460
K02,6,42,500.9,460
K02,6,42,410.0,460
K02,6,42,380.6,460
K02,6,42,359.9,460
K02,6,42,486.5,460
K02,6,42,469.1,460
K02,6,42,436.4,460
K02,6,42,372.8,460
K02,6,42,426.0,460
K02,6,42,460.2,460
K02,6,42,499.0,460
K02,6,42,459.2,460
K02,6,42,472.4,460
K02,6,42,441.5,460
K02,6,42,546.0,460
K02,6,42,409.9,460
K02,6,42,425.6,460
K02,6,42,435.8,460
K02,6,42,486.7,460
K02,6,42,408.9,460
K02,6,42,466.7,460
K02,6,42,468.1,460
K02,6,42,425.9,460
K02,6,42,476.2,460
K02,6,42,410.4,460
K02,6,42,405.1,460
K02,6,42,464.9,460
K02,6,42,378.4,460
K02,7,49,466.0,540
K02,7,49,467.6,540
K02,7,49,566.4,540
K02,7,49,570.0,540
K02,7,49,570.1,540
K02,7,49,526.0,540
K02,7,49,533.1,540
K02,7,49,558.0,540
K02,7,49,544.7,540
K02,7,49,418.5,540
K02,7,49,527.4,540
K02,7,49,493.4,540
K02,7,49,549.6,540
K02,7,49,703.5,540
K02,7,49,560.1,540
K02,7,49,522.8,540
K02,7,49,590.5,540
K02,7,49,566.4,540
K02,7,49,563.0,540
K02,7,49,573.2,540
K02,7,49,652.6,540
K02,7,49,478.1,540
K02,7,49,565.9,540
K02,7,49,489.3,540
K02,7,49,570.4,540
K02,7,49,489.7,540
K02,7,49,517.1,540
K02,7,49,523.8,540
K02,7,49,593.4,540
K02,7,49,590.3,540
K02,7,49,471.8,540
K02,7,49,543.0,540
K02,7,49,501.1,540
K02,7,49,471.1,540
K02,7,49,528.1,540
K02,7,49,523.1,540
K02,7,49,672.9,540
K02,7,49,563.7,540
K02,7,49,464.6,540
K02,7,49,509.1,540
K02,7,49,595.9,540
K02,7,49,654.4,540
K02,7,49,453.1,540
K02,7,49,437.0,540
K02,7,49,642.5,540
K02,7,49,561.3,540
K02,7,49,492.4,540
K02,7,49,569.3,540
K02,7,49,395.6,540
K02,8,56,620.2,620
K02,8,56,659.1,620
K02,8,56,778.0,620
K02,8,56,637.9,620
K02,8,56,554.7,620
K02,8,56,596.1,620
K02,8,56,563.8,620
K02,8,56,650.9,620
K02,8,56,562.6,620
K02,8,56,586.3,620
K02,8,56,528.6,620
K02,8,56,610.6,620
K02,8,56,632.6,620
K02,8,56,428.9,620
K02,8,56,638.5,620
K02,8,56,616.7,620
K02,8,56,565.5,620
K02,8,56,764.4,620
K02,8,56,688.2,620
K02,8,56,541.9,620
K02,8,56,679.7,620
K02,8,56,708.6,620
K02,8,56,629.4,620
K02,8,56,645.7,620
K02,8,56,644.1,620
K02,8,56,471.5,620
K02,8,56,606.7,620
K02,8,56,603.0,620
K02,8,56,721.8,620
K02,8,56,643.8,620
K02,8,56,598.8,620
K02,8,56,613.6,620
K02,8,56,692.9,620
K02,8,56,606.9,620
K02,8,56,570.3,620
K02,8,56,600.4,620
K02,8,56,687.0,620
K02,8,56,655.3,620
K02,8,56,623.2,620
K02,8,56,633.6,620
K02,8,56,580.2,620
K02,8,56,606.2,620
K02,8,56,572.8,620
K02,8,56,599.0,620
K02,8,56,715.8,620
K02,8,56,543.3,620
K02,8,56,571.0,620
K02,8,56,530.7,620
K02,9,63,614.8,700
K02,9,63,665.0,700
K02,9,63,572.2,700
K02,9,63,752.0,700
K02,9,63,773.8,700
K02,9,63,737.7,700
K02,9,63,634.1,700
K02,9,63,688.3,700
K02,9,63,699.6,700
K02,9,63,734.7,700
K02,9,63,738.7,700
K02,9,63,657.5,700
K02,9,63,704.7,700
K02,9,63,726.5,700
K02,9,63,784.3,700
K02,9,63,740.8,700
K02,9,63,745.7,700
K02,9,63,704.9,700
K02,9,63,781.7,700
K02,9,63,723.7,700
K02,9,63,650.1,700
K02,9,63,781.3,700
K02,9,63,740.4,700
K02,9,63,674.3,700
K02,9,63,672.2,700
K02,9,63,717.2,700
K02,9,63,726.8,700
K02,9,63,711.4,700
K02,9,63,718.0,700
K02,9,63,798.5,700
K02,9,63,762.1,700
K02,9,63,711.0,700
K02,9,63,754.5,700
K02,9,63,640.2,700
K02,9,63,723.0,700
K02,9,63,804.8,700
K02,9,63,687.4,700
K02,9,63,650.9,700
K02,9,63,662.2,700
K02,9,63,636.9,700
K02,9,63,654.5,700
K02,9,63,678.5,700
K02,9,63,618.6,700
K02,9,63,700.9,700
K02,9,63,752.3,700
K02,9,63,647.4,700
K02,9,63,788.0,700
K02,9,63,729.6,700
K02,10,70,869.9,780
K02,10,70,860.8,780
K02,10,70,684.2,780
K02,10,70,788.6,780
K02,10,70,775.4,780
K02,10,70,655.9,780
K02,10,70,876.4,780
K02,10,70,708.7,780
K02,10,70,726.8,780
K02,10,70,691.6,780
K02,10,70,841.2,780
K02,10,70,646.9,780
K02,10,70,833.9,780
K02,10,70,871.1,780
K02,10,70,826.9,780
K02,10,70,842.2,780
K02,10,70,846.3,780
K02,10,70,697.2,780
K02,10,70,905.2,780
K02,10,70,739.9,780
K02,10,70,774.2,780
K02,10,70,751.0,780
K02,10,70,822.9,780
K02,10,70,733.1,780
K02,10,70,785.8,780
K02,10,70,672.2,780
K02,10,70,881.6,780
K02,10,70,838.5,780
K02,10,70,754.5,780
K02,10,70,739.1,780
K02,10,70,836.2,780
K02,10,70,718.3,780
K02,10,70,790.9,780
K02,10,70,881.3,780
K02,10,70,709.2,780
K02,10,70,812.2,780
K02,10,70,807.5,780
K02,10,70,771.5,780
K02,10,70,736.0,780
K02,10,70,886.0,780
K02,10,70,727.9,780
K02,10,70,621.9,780
K02,10,70,835.9,780
K02,10,70,675.2,780
K02,10,70,840.4,780
K02,10,70,896.5,780
K02,10,70,834.9,780
K02,10,70,873.5,780
K02,11,77,1042.4,860
K02,11,77,882.5,860
K02,11,77,954.4,860
K02,11,77,873.1,860
K02,11,77,862.2,860
K02,11,77,828.3,860
K02,11,77,1001.2,860
K02,11,77,786.1,860
K02,11,77,998.4,860
K02,11,77,905.1,860
K02,11,77,733.7,860
K02,11,77,893.2,860
K02,11,77,670.4,860
K02,11,77,916.5,860
K02,11,77,939.9,860
K02,11,77,806.5,860
K02,11,77,871.2,860
K02,11,77,1036.4,860
K02,11,77,814.3,860
K02,11,77,764.4,860
K02,11,77,993.8,860
K02,11,77,1037.2,860
K02,11,77,860.3,860
K02,11,77,951.3,860
K02,11,77,981.1,860
K02,11,77,793.0,860
K02,11,77,816.2,860
K02,11,77,971.1,860
K02,11,77,1012.1,860
K02,11,77,910.8,860
K02,11,77,780.6,860
K02,11,77,1039.4,860
K02,11,77,812.1,860
K02,11,77,829.7,860
K02,11,77,890.9,860
K02,11,77,1000.3,860
K02,11,77,937.1,860
K02,11,77,897.5,860
K02,11,77,901.8,860
K02,11,77,863.9,860
K02,11,77,910.4,860
K02,11,77,631.6,860
K02,11,77,833.2,860
K02,11,77,881.8,860
K02,11,77,756.1,860
K02,11,77,894.9,860
K02,11,77,841.5,860
K02,11,77,1018.5,860
K02,12,84,1079.3,940
K02,12,84,868.5,940
K02,12,84,926.8,940
K02,12,84,1022.5,940
K02,12,84,963.1,940
K02,12,84,969.4,940
K02,12,84,1010.8,940
K02,12,84,978.0,940
K02,12,84,909.8,940
K02,12,84,925.3,940
K02,12,84,958.8,940
K02,12,84,860.7,940
K02,12,84,1028.2,940
K02,12,84,965.6,940
K02,12,84,946.6,940
K02,12,84,1045.6,940
K02,12,84,929.4,940
K02,12,84,923.8,940
K02,12,84,897.1,940
K02,12,84,970.4,940
K02,12,84,967.3,940
K02,12,84,881.0,940
K02,12,84,924.3,940
K02,12,84,881.6,940
K02,12,84,877.6,940
K02,12,84,786.8,940
K02,12,84,919.6,940
K02,12,84,789.3,940
K02,12,84,899.0,940
K02,12,84,885.7,940
K02,12,84,1033.1,940
K02,12,84,850.1,940
K02,12,84,872.6,940
K02,12,84,906.2,940
K02,12,84,888.6,940
K02,12,84,1061.2,940
K02,12,84,839.2,940
K02,12,84,906.4,940
K02,12,84,969.4,940
K02,12,84,1018.0,940
K02,12,84,906.3,940
K02,12,84,770.2,940
K02,12,84,926.7,940
K02,12,84,1059.7,940
K02,12,84,965.0,940
K02,12,84,960.9,940
K02,12,84,845.9,940
K02,12,84,836.8,940
K02,13,91,1021.9,1020
K02,13,91,1009.8,1020
K02,13,91,829.8,1020
K02,13,91,1011.4,1020
K02,13,91,930.8,1020
K02,13,91,1118.0,1020
K02,13,91,961.2,1020
K02,13,91,1007.5,1020
K02,13,91,952.0,1020
K02,13,91,1206.2,1020
K02,13,91,985.6,1020
K02,13,91,1216.2,1020
K02,13,91,1107.2,1020
K02,13,91,1071.6,1020
K02,13,91,1059.5,1020
K02,13,91,1062.2,1020
K02,13,91,813.6,1020
K02,13,91,990.1,1020
K02,13,91,1110.5,1020
K02,13,91,1014.8,1020
K02,13,91,869.6,1020
K02,13,91,1014.4,1020
K02,13,91,1202.4,1020
K02,13,91,1153.5,1020
K02,13,91,1013.4,1020
K02,13,91,1121.9,1020
K02,13,91,980.8,1020
K02,13,91,837.6,1020
K02,13,91,921.0,1020
K02,13,91,1187.3,1020
K02,13,91,990.7,1020
K02,13,91,993.9,1020
K02,13,91,987.9,1020
K02,13,91,1223.9,1020
K02,13,91,1194.1,1020
K02,13,91,1257.5,1020
K02,13,91,1003.0,1020
K02,13,91,1051.6,1020
K02,13,91,857.6,1020
K02,13,91,1178.1,1020
K02,13,91,895.0,1020
K02,13,91,1043.2,1020
K02,13,91,902.5,1020
K02,13,91,957.0,1020
K02,13,91,930.4,1020
K02,13,91,954.9,1020
K02,13,91,962.3,1020
K02,13,91,961.3,1020
K02,14,98,1207.3,1100
K02,14,98,1108.7,1100
K02,14,98,1157.3,1100
K02,14,98,1054.9,1100
K02,14,98,971.7,1100
K02,14,98,1031.4,1100
K02,14,98,1253.9,1100
K02,14,98,1115.0,1100
K02,14,98,991.2,1100
K02,14,98,1151.7,1100
K02,14,98,1160.3,1100
K02,14,98,1167.0,1100
K02,14,98,974.1,1100
K02,14,98,1012.1,1100
K02,14,98,1012.8,1100
K02,14,98,1053.6,1100
K02,14,98,1169.4,1100
K02,14,98,1138.1,1100
K02,14,98,1148.3,1100
K02,14,98,1274.4,1100
K02,14,98,1188.7,1100
K02,14,98,1081.7,1100
K02,14,98,947.5,1100
K02,14,98,1008.0,1100
K02,14,98,1066.3,1100
K02,14,98,1206.8,1100
K02,14,98,1096.5,1100
K02,14,98,1015.5,1100
K02,14,98,1005.6,1100
K02,14,98,1091.0,1100
K02,14,98,1214.6,1100
K02,14,98,1304.9,1100
K02,14,98,1073.5,1100
K02,14,98,1094.2,1100
K02,14,98,943.7,1100
K02,14,98,1349.8,1100
K02,14,98,919.6,1100
K02,14,98,1250.9,1100
K02,14,98,1052.9,1100
K02,14,98,1022.8,1100
K02,14,98,957.0,1100
K02,14,98,1410.4,1100
K02,14,98,1128.5,1100
K02,14,98,1102.7,1100
K02,14,98,1214.2,1100
K02,14,98,1016.2,1100
K02,14,98,1100.2,1100
K02,14,98,1107.3,1100
K02,15,105,1121.1,1180
K02,15,105,1146.9,1180
K02,15,105,1213.1,1180
K02,15,105,1174.8,1180
K02,15,105,1131.2,1180
K02,15,105,1114.4,1180
K02,15,105,1217.9,1180
K02,15,105,1005.4,1180
K02,15,105,1266.4,1180
K02,15,105,1132.1,1180
K02,15,105,1049.9,1180
K02,15,105,1128.2,1180
K02,15,105,1324.7,1180
K02,15,105,1118.4,1180
K02,15,105,1221.3,1180
K02,15,105,1095.9,1180
K02,15,105,1267.2,1180
K02,15,105,1258.9,1180
K02,15,105,1392.7,1180
K02,15,105,1159.8,1180
K02,15,105,1257.0,1180
K02,15,105,1191.3,1180
K02,15,105,1329.1,1180
K02,15,105,1097.3,1180
K02,15,105,1265.7,1180
K02,15,105,1157.6,1180
K02,15,105,1172.6,1180
K02,15,105,1190.6,1180
K02,15,105,1209.0,1180
K02,15,105,1166.6,1180
K02,15,105,1204.7,1180
K02,15,105,1361.6,1180
K02,15,105,1293.4,1180
K02,15,105,1280.0,1180
K02,15,105,1127.6,1180
K02,15,105,1077.7,1180
K02,15,105,1289.9,1180
K02,15,105,1280.8,1180
K02,15,105,1349.5,1180
K02,15,105,1110.5,1180
K02,15,105,1153.6,1180
K02,15,105,991.3,1180
K02,15,105,1134.8,1180
K02,15,105,1294.7,1180
K02,15,105,1126.3,1180
K02,15,105,1253.7,1180
K02,15,105,1158.1,1180
K02,15,105,1217.3,1180
K02,16,112,1135.6,1260
K02,16,112,1254.0,1260
K02,16,112,1312.6,1260
K02,16,112,1081.3,1260
K02,16,112,1261.1,1260
K02,16,112,1485.0,1260
K02,16,112,1219.7,1260
K02,16,112,1349.4,1260
K02,16,112,1348.4,1260
K02,16,112,1353.8,1260
K02,16,112,1278.1,1260
K02,16,112,1321.4,1260
K02,16,112,1335.8,1260
K02,16,112,1328.9,1260
K02,16,112,1138.9,1260
K02,16,112,1074.9,1260
K02,16,112,1091.6,1260
K02,16,112,1230.7,1260
K02,16,112,1324.4,1260
K02,16,112,1140.3,1260
K02,16,112,1360.1,1260
K02,16,112,1205.6,1260
K02,16,112,1206.6,1260
K02,16,112,1169.4,1260
K02,16,112,1055.7,1260
K02,16,112,1284.9,1260
K02,16,112,1445.6,1260
K02,16,112,1253.2,1260
K02,16,112,1059.4,1260
K02,16,112,1344.6,1260
K02,16,112,1083.9,1260
K02,16,112,1129.0,1260
K02,16,112,1234.2,1260
K02,16,112,1273.3,1260
K02,16,112,1150.7,1260
K02,16,112,1229.9,1260
K02,16,112,1337.5,1260
K02,16,112,1352.4,1260
K02,16,112,1395.6,1260
K02,16,112,1467.0,1260
K02,16,112,1347.8,1260
K02,16,112,1236.5,1260
K02,16,112,1353.1,1260
K02,16,112,1310.6,1260
K02,16,112,1314.9,1260
K02,16,112,1279.2,1260
K02,16,112,1161.1,1260
K02,16,112,1148.6,1260
K03,1,7,108.7,110
K03,1,7,129.9,110
K03,1,7,117.9,110
K03,1,7,110.9,110
K03,1,7,107.2,110
K03,1,7,97.5,110
K03,1,7,111.0,110
K03,1,7,113.4,110
K03,1,7,93.7,110
K03,1,7,114.4,110
K03,1,7,108.0,110
K03,1,7,85.0,110
K03,1,7,98.7,110
K03,1,7,104.6,110
K03,1,7,134.8,110
K03,1,7,117.3,110
K03,1,7,92.5,110
K03,1,7,116.4,110
K03,1,7,89.7,110
K03,1,7,124.2,110
K03,1,7,103.8,110
K03,1,7,108.8,110
K03,1,7,127.4,110
K03,1,7,93.1,110
K03,1,7,91.7,110
K03,1,7,102.3,110
K03,1,7,123.6,110
K03,1,7,90.1,110
K03,1,7,72.9,110
K03,1,7,104.1,110
K03,1,7,117.2,110
K03,1,7,125.7,110
K03,1,7,103.9,110
K03,1,7,104.6,110
K03,1,7,125.1,110
K03,1,7,85.5,110
K03,1,7,104.9,110
K03,1,7,112.5,110
K03,1,7,115.9,110
K03,1,7,103.3,110
K03,1,7,110.5,110
K03,1,7,77.4,110
K03,1,7,101.4,110
K03,1,7,115.9,110
K03,1,7,97.1,110
K03,1,7,110.8,110
K03,1,7,115.9,110
K03,1,7,105.5,110
K03,1,7,112.2,110
K03,2,14,194.9,190
K03,2,14,173.3,190
K03,2,14,193.3,190
K03,2,14,199.0,190
K03,2,14,186.0,190
K03,2,14,178.4,190
K03,2,14,149.8,190
K03,2,14,211.0,190
K03,2,14,197.4,190
K03,2,14,197.9,190
K03,2,14,161.3,190
K03,2,14,215.4,190
K03,2,14,181.5,190
K03,2,14,184.7,190
K03,2,14,170.4,190
K03,2,14,157.2,190
K03,2,14,211.3,190
K03,2,14,213.6,190
K03,2,14,187.0,190
K03,2,14,177.5,190
K03,2,14,183.1,190
K03,2,14,183.6,190
K03,2,14,168.0,190
K03,2,14,184.6,190
K03,2,14,192.8,190
K03,2,14,208.7,190
K03,2,14,190.3,190
K03,2,14,161.0,190
K03,2,14,196.5,190
K03,2,14,185.3,190
K03,2,14,215.2,190
K03,2,14,216.3,190
K03,2,14,216.9,190
K03,2,14,179.7,190
K03,2,14,226.6,190
K03,2,14,196.4,190
K03,2,14,219.9,190
K03,2,14,180.8,190
K03,2,14,184.5,190
K03,2,14,195.0,190
K03,2,14,192.8,190
K03,2,14,213.1,190
K03,2,14,185.7,190
K03,2,14,211.4,190
K03,2,14,203.5,190
K03,2,14,186.1,190
K03,2,14,202.0,190
K03,2,14,181.3,190
K03,2,14,233.2,190
K03,3,21,203.6,270
K03,3,21,224.7,270
K03,3,21,288.9,270
K03,3,21,267.6,270
K03,3,21,280.5,270
K03,3,21,248.5,270
K03,3,21,301.9,270
K03,3,21,296.0,270
K03,3,21,284.5,270
K03,3,21,266.8,270
K03,3,21,284.5,270
K03,3,21,252.4,270
K03,3,21,291.3,270
K03,3,21,311.1,270
K03,3,21,296.7,270
K03,3,21,251.8,270
K03,3,21,279.0,270
K03,3,21,237.8,270
K03,3,21,284.3,270
K03,3,21,281.2,270
K03,3,21,223.4,270
K03,3,21,241.0,270
K03,3,21,262.9,270
K03,3,21,262.5,270
K03,3,21,239.8,270
K03,3,21,279.7,270
K03,3,21,276.3,270
K03,3,21,265.2,270
K03,3,21,251.2,270
K03,3,21,296.1,270
K03,3,21,311.3,270
K03,3,21,257.9,270
K03,3,21,254.7,270
K03,3,21,282.2,270
K03,3,21,261.1,270
K03,3,21,266.5,270
K03,3,21,288.4,270
K03,3,21,222.4,270
K03,3,21,302.9,270
K03,3,21,271.8,270
K03,3,21,259.7,270
K03,3,21,267.8,270
K03,3,21,269.1,270
K03,3,21,226.8,270
K03,3,21,307.3,270
K03,3,21,271.0,270
K03,3,21,281.0,270
K03,3,21,293.7,270
K03,3,21,244.5,270
K03,4,28,342.3,350
K03,4,28,374.8,350
K03,4,28,330.0,350
K03,4,28,352.2,350
K03,4,28,388.5,350
K03,4,28,341.4,350
K03,4,28,331.2,350
K03,4,28,370.8,350
K03,4,28,370.2,350
K03,4,28,332.5,350
K03,4,28,286.9,350
K03,4,28,330.6,350
K03,4,28,371.5,350
K03,4,28,325.4,350
K03,4,28,349.7,350
K03,4,28,329.1,350
K03,4,28,288.6,350
K03,4,28,328.5,350
K03,4,28,371.4,350
K03,4,28,274.6,350
K03,4,28,358.0,350
K03,4,28,312.3,350
K03,4,28,369.3,350
K03,4,28,372.7,350
K03,4,28,344.5,350
K03,4,28,344.6,350
K03,4,28,324.4,350
K03,4,28,307.2,350
K03,4,28,404.0,350
K03,4,28,322.5,350
K03,4,28,399.9,350
K03,4,28,322.7,350
K03,4,28,366.7,350
K03,4,28,313.8,350
K03,4,28,366.6,350
K03,4,28,339.6,350
K03,4,28,340.1,350
K03,4,28,369.4,350
K03,4,28,335.1,350
K03,4,28,304.6,350
K03,4,28,374.2,350
K03,4,28,313.6,350
K03,4,28,366.4,350
K03,4,28,380.9,350
K03,4,28,338.1,350
K03,4,28,387.6,350
K03,4,28,365.3,350
K03,4,28,327.9,350
K03,4,28,394.6,350
K03,5,35,385.4,430
K03,5,35,464.9,430
K03,5,35,501.5,430
K03,5,35,414.0,430
K03,5,35,457.8,430
K03,5,35,519.1,430
K03,5,35,405.9,430
K03,5,35,370.0,430
K03,5,35,356.6,430
K03,5,35,457.8,430
K03,5,35,356.5,430
K03,5,35,415.5,430
K03,5,35,447.1,430
K03,5,35,437.2,430
K03,5,35,446.6,430
K03,5,35,438.7,430
K03,5,35,479.9,430
K03,5,35,392.8,430
K03,5,35,403.6,430
K03,5,35,399.8,430
K03,5,35,462.4,430
K03,5,35,465.2,430
K03,5,35,447.6,430
K03,5,35,476.2,430
K03,5,35,384.0,430
K03,5,35,495.1,430
K03,5,35,489.5,430
K03,5,35,458.7,430
K03,5,35,499.6,430
K03,5,35,365.3,430
K03,5,35,409.5,430
K03,5,35,401.3,430
K03,5,35,458.2,430
K03,5,35,389.0,430
K03,5,35,459.6,430
K03,5,35,483.5,430
K03,5,35,457.2,430
K03,5,35,441.1,430
K03,5,35,391.4,430
K03,5,35,396.9,430
K03,5,35,478.8,430
K03,5,35,460.4,430
K03,5,35,428.5,430
K03,5,35,413.7,430
K03,5,35,350.9,430
K03,5,35,388.2,430
K03,5,35,504.7,430
K03,5,35,380.0,430
K03,5,35,437.4,430
K03,6,42,469.3,460
K03,6,42,463.3,460
K03,6,42,528.5,460
K03,6,42,542.4,460
K03,6,42,427.3,460
K03,6,42,460.0,460
K03,6,42,468.3,460
K03,6,42,426.3,460
K03,6,42,486.5,460
K03,6,42,449.9,460
K03,6,42,414.9,460
K03,6,42,448.2,460
K03,6,42,417.9,460
K03,6,42,503.8,460
K03,6,42,540.3,460
K03,6,42,470.3,460
K03,6,42,464.7,460
K03,6,42,466.4,460
K03,6,42,509.9,460
K03,6,42,509.0,460
K03,6,42,455.1,460
K03,6,42,470.7,460
K03,6,42,487.6,460
K03,6,42,411.9,460
K03,6,42,511.2,460
K03,6,42,533.3,460
K03,6,42,509.2,460
K03,6,42,407.4,460
K03,6,42,376.8,460
K03,6,42,489.9,460
K03,6,42,427.9,460
K03,6,42,472.1,460
K03,6,42,524.9,460
K03,6,42,432.2,460
K03,6,42,444.1,460
K03,6,42,471.7,460
K03,6,42,405.2,460
K03,6,42,428.0,460
K03,6,42,461.1,460
K03,6,42,447.3,460
K03,6,42,485.7,460
K03,6,42,576.8,460
K03,6,42,464.2,460
K03,6,42,424.4,460
K03,6,42,519.9,460
K03,6,42,392.9,460
K03,6,42,401.3,460
K03,6,42,434.9,460
K03,6,42,448.0,460
K03,7,49,512.0,540
K03,7,49,604.2,540
K03,7,49,427.3,540
K03,7,49,597.8,540
K03,7,49,555.3,540
K03,7,49,485.3,540
K03,7,49,491.3,540
K03,7,49,615.9,540
K03,7,49,497.2,540
K03,7,49,487.8,540
K03,7,49,591.5,540
K03,7,49,555.3,540
K03,7,49,497.5,540
K03,7,49,549.8,540
K03,7,49,493.5,540
K03,7,49,589.9,540
K03,7,49,588.1,540
K03,7,49,564.1,540
K03,7,49,556.4,540
K03,7,49,619.8,540
K03,7,49,540.0,540
K03,7,49,486.5,540
K03,7,49,560.4,540
K03,7,49,634.5,540
K03,7,49,494.0,540
K03,7,49,523.6,540
K03,7,49,558.9,540
K03,7,49,537.6,540
K03,7,49,495.5,540
K03,7,49,590.8,540
K03,7,49,645.1,540
K03,7,49,548.9,540
K03,7,49,499.1,540
K03,7,49,469.9,540
K03,7,49,551.7,540
K03,7,49,590.0,540
K03,7,49,561.5,540
K03,7,49,539.9,540
K03,7,49,513.3,540
K03,7,49,490.5,540
K03,7,49,577.8,540
K03,7,49,581.4,540
K03,7,49,470.0,540
K03,7,49,612.0,540
K03,7,49,566.0,540
K03,7,49,603.4,540
K03,7,49,479.2,540
K03,7,49,478.1,540
K03,7,49,533.3,540
K03,8,56,484.3,620
K03,8,56,674.2,620
K03,8,56,594.9,620
K03,8,56,609.6,620
K03,8,56,671.3,620
K03,8,56,687.7,620
K03,8,56,702.0,620
K03,8,56,541.3,620
K03,8,56,715.5,620
K03,8,56,581.2,620
K03,8,56,468.8,620
K03,8,56,541.0,620
K03,8,56,634.6,620
K03,8,56,554.4,620
K03,8,56,614.1,620
K03,8,56,642.7,620
K03,8,56,607.8,620
K03,8,56,586.9,620
K03,8,56,536.2,620
K03,8,56,621.5,620
K03,8,56,481.6,620
K03,8,56,574.0,620
K03,8,56,557.8,620
K03,8,56,604.0,620
K03,8,56,605.7,620
K03,8,56,684.3,620
K03,8,56,726.1,620
K03,8,56,545.1,620
K03,8,56,753.5,620
K03,8,56,567.8,620
K03,8,56,631.6,620
K03,8,56,654.2,620
K03,8,56,783.8,620
K03,8,56,583.7,620
K03,8,56,499.6,620
K03,8,56,719.9,620
K03,8,56,564.2,620
K03,8,56,595.8,620
K03,8,56,545.1,620
K03,8,56,596.0,620
K03,8,56,563.7,620
K03,8,56,665.3,620
K03,8,56,625.4,620
K03,8,56,574.4,620
K03,8,56,686.7,620
K03,8,56,637.1,620
K03,8,56,496.3,620
K03,8,56,681.6,620
K03,8,56,632.4,620
K03,9,63,781.0,700
K03,9,63,750.2,700
K03,9,63,708.1,700
K03,9,63,608.2,700
K03,9,63,653.3,700
K03,9,63,695.7,700
K03,9,63,695.6,700
K03,9,63,814.8,700
K03,9,63,619.3,700
K03,9,63,729.4,700
K03,9,63,786.7,700
K03,9,63,832.2,700
K03,9,63,676.5,700
K03,9,63,728.6,700
K03,9,63,733.2,700
K03,9,63,711.4,700
K03,9,63,694.2,700
K03,9,63,725.4,700
K03,9,63,552.6,700
K03,9,63,739.7,700
K03,9,63,707.3,700
K03,9,63,687.0,700
K03,9,63,819.2,700
K03,9,63,660.7,700
K03,9,63,676.5,700
K03,9,63,815.9,700
K03,9,63,651.6,700
K03,9,63,668.0,700
K03,9,63,691.4,700
K03,9,63,748.9,700
K03,9,63,712.1,700
K03,9,63,624.7,700
K03,9,63,669.0,700
K03,9,63,664.6,700
K03,9,63,695.5,700
K03,9,63,724.8,700
K03,9,63,724.3,700
K03,9,63,596.6,700
K03,9,63,761.9,700
K03,9,63,714.7,700
K03,9,63,780.6,700
K03,9,63,725.9,700
K03,9,63,764.1,700
K03,9,63,727.2,700
K03,9,63,778.4,700
K03,9,63,730.4,700
K03,9,63,694.3,700
K03,9,63,832.3,700
K03,9,63,751.8,700
K03,10,70,856.4,780
K03,10,70,914.1,780
K03,10,70,877.0,780
K03,10,70,818.4,780
K03,10,70,673.0,780
K03,10,70,789.2,780
K03,10,70,739.0,780
K03,10,70,796.3,780
K03,10,70,695.7,780
K03,10,70,765.4,780
K03,10,70,744.2,780
K03,10,70,742.0,780
K03,10,70,742.7,780
K03,10,70,770.6,780
K03,10,70,799.8,780
K03,10,70,606.9,780
K03,10,70,615.4,780
K03,10,70,756.5,780
K03,10,70,766.3,780
K03,10,70,793.1,780
K03,10,70,729.6,780
K03,10,70,780.7,780
K03,10,70,788.8,780
K03,10,70,729.1,780
K03,10,70,850.2,780
K03,10,70,792.3,780
K03,10,70,817.9,780
K03,10,70,784.8,780
K03,10,70,925.7,780
K03,10,70,821.3,780
K03,10,70,746.2,780
K03,10,70,836.9,780
K03,10,70,666.5,780
K03,10,70,788.3,780
K03,10,70,802.1,780
K03,10,70,789.1,780
K03,10,70,756.9,780
K03,10,70,709.9,780
K03,10,70,725.3,780
K03,10,70,787.1,780
K03,10,70,702.9,780
K03,10,70,902.6,780
K03,10,70,597.0,780
K03,10,70,757.6,780
K03,10,70,787.6,780
K03,10,70,815.2,780
K03,10,70,716.5,780
K03,10,70,858.6,780
K03,10,70,683.4,780
K03,11,77,819.2,860
K03,11,77,895.8,860
K03,11,77,821.4,860
K03,11,77,896.9,860
K03,11,77,999.6,860
K03,11,77,918.8,860
K03,11,77,856.5,860
K03,11,77,846.8,860
K03,11,77,834.3,860
K03,11,77,945.2,860
K03,11,77,814.7,860
K03,11,77,863.3,860
K03,11,77,863.7,860
K03,11,77,823.8,860
K03,11,77,761.0,860
K03,11,77,883.3,860
K03,11,77,855.6,860
K03,11,77,896.1,860
K03,11,77,821.5,860
K03,11,77,948.1,860
K03,11,77,796.8,860
K03,11,77,983.5,860
K03,11,77,733.9,860
K03,11,77,891.4,860
K03,11,77,894.3,860
K03,11,77,802.6,860
K03,11,77,890.6,860
K03,11,77,952.3,860
K03,11,77,700.1,860
K03,11,77,896.3,860
K03,11,77,680.1,860
K03,11,77,790.3,860
K03,11,77,977.5,860
K03,11,77,818.0,860
K03,11,77,775.3,860
K03,11,77,845.7,860
K03,11,77,1009.2,860
K03,11,77,727.9,860
K03,11,77,784.2,860
K03,11,77,968.0,860
K03,11,77,994.0,860
K03,11,77,852.5,860
K03,11,77,770.6,860
K03,11,77,1011.2,860
K03,11,77,975.0,860
K03,11,77,909.0,860
K03,11,77,801.4,860
K03,11,77,856.5,860
K03,11,77,848.4,860
K03,12,84,770.5,940
K03,12,84,985.3,940
K03,12,84,1004.3,940
K03,12,84,1125.9,940
K03,12,84,1008.7,940
K03,12,84,1026.6,940
K03,12,84,912.6,940
K03,12,84,1195.2,940
K03,12,84,898.4,940
K03,12,84,876.0,940
K03,12,84,1129.2,940
K03,12,84,785.9,940
K03,12,84,746.9,940
K03,12,84,952.5,940
K03,12,84,939.8,940
K03,12,84,916.2,940
K03,12,84,1043.9,940
K03,12,84,845.1,940
K03,12,84,946.7,940
K03,12,84,902.4,940
K03,12,84,846.8,940
K03,12,84,933.5,940
K03,12,84,1029.1,940
K03,12,84,1161.7,940
K03,12,84,1000.6,940
K03,12,84,677.5,940
K03,12,84,936.0,940
K03,12,84,945.2,940
K03,12,84,1037.9,940
K03,12,84,959.3,940
K03,12,84,1071.0,940
K03,12,84,980.9,940
K03,12,84,1103.0,940
K03,12,84,894.1,940
K03,12,84,955.1,940
K03,12,84,1026.4,940
K03,12,84,880.2,940
K03,12,84,857.4,940
K03,12,84,874.2,940
K03,12,84,861.7,940
K03,12,84,994.6,940
K03,12,84,748.2,940
K03,12,84,777.3,940
K03,12,84,1134.7,940
K03,12,84,864.2,940
K03,12,84,960.9,940
K03,12,84,784.3,940
K03,12,84,949.8,940
K03,12,84,864.8,940
K03,13,91,840.7,1020
K03,13,91,1142.6,1020
K03,13,91,1089.3,1020
K03,13,91,1284.3,1020
K03,13,91,850.3,1020
K03,13,91,1164.5,1020
K03,13,91,1151.5,1020
K03,13,91,908.3,1020
K03,13,91,1135.5,1020
K03,13,91,1058.6,1020
K03,13,91,993.9,1020
K03,13,91,925.5,1020
K03,13,91,937.5,1020
K03,13,91,1255.2,1020
K03,13,91,1020.1,1020
K03,13,91,1109.7,1020
K03,13,91,929.3,1020
K03,13,91,930.5,1020
K03,13,91,1144.1,1020
K03,13,91,865.2,1020
K03,13,91,972.4,1020
K03,13,91,1023.9,1020
K03,13,91,1032.8,1020
K03,13,91,999.5,1020
K03,13,91,1065.4,1020
K03,13,91,1099.5,1020
K03,13,91,1104.3,1020
K03,13,91,906.9,1020
K03,13,91,987.4,1020
K03,13,91,1157.1,1020
K03,13,91,1122.6,1020
K03,13,91,862.5,1020
K03,13,91,1060.3,1020
K03,13,91,793.0,1020
K03,13,91,1025.4,1020
K03,13,91,1237.7,1020
K03,13,91,911.3,1020
K03,13,91,924.3,1020
K03,13,91,1107.7,1020
K03,13,91,843.0,1020
K03,13,91,947.4,1020
K03,13,91,1088.4,1020
K03,13,91,947.2,1020
K03,13,91,992.9,1020
K03,13,91,1105.4,1020
K03,13,91,1068.4,1020
K03,13,91,1050.6,1020
K03,13,91,981.1,1020
K03,13,91,1062.5,1020
K03,14,98,903.8,1100
K03,14,98,949.5,1100
K03,14,98,1097.0,1100
K03,14,98,1005.2,1100
K03,14,98,1062.0,1100
K03,14,98,1040.9,1100
K03,14,98,1228.8,1100
K03,14,98,1023.6,1100
K03,14,98,1050.9,1100
K03,14,98,1193.3,1100
K03,14,98,1026.5,1100
K03,14,98,1155.1,1100
K03,14,98,1143.1,1100
K03,14,98,1118.4,1100
K03,14,98,952.4,1100
K03,14,98,1260.0,1100
K03,14,98,1388.9,1100
K03,14,98,1101.1,1100
K03,14,98,963.9,1100
K03,14,98,1103.8,1100
K03,14,98,1228.8,1100
K03,14,98,1020.0,1100
K03,14,98,1083.2,1100
K03,14,98,1144.3,1100
K03,14,98,1256.5,1100
K03,14,98,1200.9,1100
K03,14,98,1206.3,1100
K03,14,98,1044.6,1100
K03,14,98,1152.3,1100
K03,14,98,1006.1,1100
K03,14,98,1210.0,1100
K03,14,98,1249.7,1100
K03,14,98,1172.0,1100
K03,14,98,1052.2,1100
K03,14,98,1073.5,1100
K03,14,98,1335.0,1100
K03,14,98,1054.4,1100
K03,14,98,1236.6,1100
K03,14,98,1144.1,1100
K03,14,98,1056.5,1100
K03,14,98,925.1,1100
K03,14,98,1127.5,1100
K03,14,98,1111.9,1100
K03,14,98,1335.0,1100
K03,14,98,988.1,1100
K03,14,98,1398.5,1100
K03,14,98,1149.3,1100
K03,14,98,1149.1,1100
K03,14,98,1022.9,1100
K03,15,105,1222.2,1180
K03,15,105,1343.2,1180
K03,15,105,1321.7,1180
K03,15,105,1296.9,1180
K03,15,105,1137.8,1180
K03,15,105,1103.4,1180
K03,15,105,1224.6,1180
K03,15,105,1305.0,1180
K03,15,105,1150.2,1180
K03,15,105,1322.7,1180
K03,15,105,1374.6,1180
K03,15,105,1057.2,1180
K03,15,105,1067.9,1180
K03,15,105,1161.2,1180
K03,15,105,1221.2,1180
K03,15,105,1109.7,1180
K03,15,105,1361.2,1180
K03,15,105,1236.8,1180
K03,15,105,1185.3,1180
K03,15,105,987.6,1180
K03,15,105,1003.7,1180
K03,15,105,1217.7,1180
K03,15,105,894.2,1180
K03,15,105,1315.7,1180
K03,15,105,1158.8,1180
K03,15,105,1614.6,1180
K03,15,105,1489.2,1180
K03,15,105,1155.7,1180
K03,15,105,1165.8,1180
K03,15,105,1313.4,1180
K03,15,105,1408.2,1180
K03,15,105,960.5,1180
K03,15,105,940.6,1180
K03,15,105,1096.7,1180
K03,15,105,1258.1,1180
K03,15,105,1246.6,1180
K03,15,105,1323.3,1180
K03,15,105,1019.2,1180
K03,15,105,869.7,1180
K03,15,105,1295.0,1180
K03,15,105,1069.0,1180
K03,15,105,909.5,1180
K03,15,105,1199.4,1180
K03,15,105,1286.3,1180
K03,15,105,1163.6,1180
K03,15,105,1118.7,1180
K03,15,105,1158.6,1180
K03,15,105,1130.3,1180
K03,15,105,999.4,1180
K03,16,112,1313.6,1260
K03,16,112,1336.0,1260
K03,16,112,1276.7,1260
K03,16,112,1227.7,1260
K03,16,112,1246.6,1260
K03,16,112,1342.8,1260
K03,16,112,1263.8,1260
K03,16,112,1143.4,1260
K03,16,112,1122.0,1260
K03,16,112,1093.4,1260
K03,16,112,1422.8,1260
K03,16,112,1350.3,1260
K03,16,112,1248.1,1260
K03,16,112,1209.2,1260
K03,16,112,1195.8,1260
K03,16,112,1382.3,1260
K03,16,112,1473.0,1260
K03,16,112,1192.3,1260
K03,16,112,1387.4,1260
K03,16,112,1263.1,1260
K03,16,112,1236.2,1260
K03,16,112,1428.3,1260
K03,16,112,1258.9,1260
K03,16,112,1293.2,1260
K03,16,112,1287.8,1260
K03,16,112,1078.1,1260
K03,16,112,1292.3,1260
K03,16,112,1197.1,1260
K03,16,112,1101.0,1260
K03,16,112,1202.1,1260
K03,16,112,1201.2,1260
K03,16,112,1375.2,1260
K03,16,112,1141.0,1260
K03,16,112,1171.6,1260
K03,16,112,1286.3,1260
K03,16,112,1111.7,1260
K03,16,112,1186.3,1260
K03,16,112,1073.8,1260
K03,16,112,1362.9,1260
K03,16,112,1226.3,1260
K03,16,112,1258.2,1260
K03,16,112,1362.5,1260
K03,16,112,1179.2,1260
K03,16,112,1225.1,1260
K03,16,112,1141.8,1260
K03,16,112,1141.6,1260
K03,16,112,1157.0,1260
K03,16,112,1204.9,1260
K03,16,112,1217.0,1260
K04,1,7,113.3,110
K04,1,7,112.1,110
K04,1,7,125.1,110
K04,1,7,116.8,110
K04,1,7,105.2,110
K04,1,7,113.0,110
K04,1,7,107.2,110
K04,1,7,110.1,110
K04,1,7,106.2,110
K04,1,7,108.1,110
K04,1,7,112.5,110
K04,1,7,98.5,110
K04,1,7,98.2,110
K04,1,7,93.9,110
K04,1,7,91.4,110
K04,1,7,95.9,110
K04,1,7,111.8,110
K04,1,7,99.6,110
K04,1,7,116.0,110
K04,1,7,110.4,110
K04,1,7,87.2,110
K04,1,7,117.6,110
K04,1,7,119.4,110
K04,1,7,98.5,110
K04,1,7,114.9,110
K04,1,7,100.1,110
K04,1,7,111.1,110
K04,1,7,95.3,110
K04,1,7,89.2,110
K04,1,7,105.6,110
K04,1,7,108.6,110
K04,1,7,105.4,110
K04,1,7,96.3,110
K04,1,7,105.4,110
K04,1,7,113.1,110
K04,1,7,109.5,110
K04,1,7,112.1,110
K04,1,7,102.2,110
K04,1,7,123.6,110
K04,1,7,96.4,110
K04,1,7,115.7,110
K04,1,7,123.7,110
K04,1,7,115.6,110
K04,1,7,107.7,110
K04,1,7,103.9,110
K04,1,7,122.0,110
K04,1,7,93.5,110
K04,1,7,98.8,110
K04,1,7,105.4,110
K04,2,14,181.3,190
K04,2,14,213.3,190
K04,2,14,184.5,190
K04,2,14,183.3,190
K04,2,14,174.6,190
K04,2,14,169.8,190
K04,2,14,213.4,190
K04,2,14,223.0,190
K04,2,14,170.6,190
K04,2,14,217.7,190
K04,2,14,180.4,190
K04,2,14,200.5,190
K04,2,14,217.8,190
K04,2,14,187.1,190
K04,2,14,183.5,190
K04,2,14,205.8,190
K04,2,14,168.1,190
K04,2,14,212.6,190
K04,2,14,192.8,190
K04,2,14,178.6,190
K04,2,14,178.1,190
K04,2,14,162.7,190
K04,2,14,179.4,190
K04,2,14,184.8,190
K04,2,14,169.1,190
K04,2,14,189.1,190
K04,2,14,199.3,190
K04,2,14,185.8,190
K04,2,14,203.1,190
K04,2,14,174.1,190
K04,2,14,209.8,190
K04,2,14,192.4,190
K04,2,14,220.5,190
K04,2,14,237.6,190
K04,2,14,180.7,190
K04,2,14,181.5,190
K04,2,14,185.1,190
K04,2,14,201.8,190
K04,2,14,216.2,190
K04,2,14,177.1,190
K04,2,14,197.5,190
K04,2,14,187.3,190
K04,2,14,202.2,190
K04,2,14,219.8,190
K04,2,14,185.3,190
K04,2,14,157.0,190
K04,2,14,204.7,190
K04,2,14,173.6,190
K04,2,14,187.2,190
K04,3,21,289.9,270
K04,3,21,268.4,270
K04,3,21,283.6,270
K04,3,21,214.4,270
K04,3,21,265.9,270
K04,3,21,273.6,270
K04,3,21,291.5,270
K04,3,21,287.5,270
K04,3,21,284.7,270
K04,3,21,249.8,270
K04,3,21,221.7,270
K04,3,21,260.1,270
K04,3,21,295.3,270
K04,3,21,305.2,270
K04,3,21,288.0,270
K04,3,21,280.9,270
K04,3,21,279.6,270
K04,3,21,255.9,270
K04,3,21,266.7,270
K04,3,21,312.2,270
K04,3,21,246.2,270
K04,3,21,310.8,270
K04,3,21,261.9,270
K04,3,21,303.5,270
K04,3,21,234.4,270
K04,3,21,284.8,270
K04,3,21,251.4,270
K04,3,21,234.2,270
K04,3,21,275.5,270
K04,3,21,295.5,270
K04,3,21,248.6,270
K04,3,21,232.1,270
K04,3,21,267.7,270
K04,3,21,267.8,270
K04,3,21,283.9,270
K04,3,21,294.0,270
K04,3,21,268.5,270
K04,3,21,316.9,270
K04,3,21,275.7,270
K04,3,21,261.2,270
K04,3,21,229.2,270
K04,3,21,263.4,270
K04,3,21,261.5,270
K04,3,21,294.3,270
K04,3,21,281.7,270
K04,3,21,240.2,270
K04,3,21,274.4,270
K04,3,21,287.0,270
K04,3,21,308.7,270
K04,4,28,278.9,350
K04,4,28,383.0,350
K04,4,28,328.2,350
K04,4,28,357.5,350
K04,4,28,388.5,350
K04,4,28,329.0,350
K04,4,28,287.1,350
K04,4,28,407.6,350
K04,4,28,394.5,350
K04,4,28,346.7,350
K04,4,28,382.6,350
K04,4,28,335.9,350
K04,4,28,353.7,350
K04,4,28,344.5,350
K04,4,28,337.4,350
K04,4,28,363.7,350
K04,4,28,303.8,350
K04,4,28,340.4,350
K04,4,28,362.0,350
K04,4,28,420.3,350
K04,4,28,305.4,350
K04,4,28,369.9,350
K04,4,28,374.1,350
K04,4,28,278.2,350
K04,4,28,365.7,350
K04,4,28,383.7,350
K04,4,28,372.5,350
K04,4,28,346.8,350
K04,4,28,362.7,350
K04,4,28,356.5,350
K04,4,28,285.4,350
K04,4,28,357.4,350
K04,4,28,336.0,350
K04,4,28,323.0,350
K04,4,28,445.0,350
K04,4,28,397.9,350
K04,4,28,306.0,350
K04,4,28,363.3,350
K04,4,28,405.8,350
K04,4,28,292.8,350
K04,4,28,352.9,350
K04,4,28,354.7,350
K04,4,28,301.3,350
K04,4,28,364.5,350
K04,4,28,392.7,350
K04,4,28,407.7,350
K04,4,28,340.5,350
K04,4,28,445.7,350
K04,4,28,271.3,350
K04,5,35,445.4,430
K04,5,35,454.0,430
K04,5,35,406.2,430
K04,5,35,513.3,430
K04,5,35,396.4,430
K04,5,35,356.8,430
K04,5,35,409.6,430
K04,5,35,344.4,430
K04,5,35,462.5,430
K04,5,35,340.5,430
K04,5,35,431.2,430
K04,5,35,340.0,430
K04,5,35,416.1,430
K04,5,35,501.2,430
K04,5,35,445.6,430
K04,5,35,392.6,430
K04,5,35,428.6,430
K04,5,35,430.8,430
K04,5,35,450.5,430
K04,5,35,370.8,430
K04,5,35,455.7,430
K04,5,35,312.8,430
K04,5,35,402.7,430
K04,5,35,408.8,430
K04,5,35,457.4,430
K04,5,35,431.0,430
K04,5,35,369.1,430
K04,5,35,387.3,430
K04,5,35,438.6,430
K04,5,35,426.6,430
K04,5,35,404.9,430
K04,5,35,409.2,430
K04,5,35,460.2,430
K04,5,35,407.6,430
K04,5,35,426.2,430
K04,5,35,524.0,430
K04,5,35,368.3,430
K04,5,35,349.8,430
K04,5,35,464.0,430
K04,5,35,400.6,430
K04,5,35,416.2,430
K04,5,35,396.2,430
K04,5,35,418.7,430
K04,5,35,499.3,430
K04,5,35,464.8,430
K04,5,35,467.4,430
K04,5,35,368.6,430
K04,5,35,380.1,430
K04,5,35,307.0,430
K04,6,42,411.1,460
K04,6,42,401.4,460
K04,6,42,504.3,460
K04,6,42,458.5,460
K04,6,42,507.0,460
K04,6,42,571.8,460
K04,6,42,420.9,460
K04,6,42,397.6,460
K04,6,42,469.8,460
K04,6,42,518.1,460
K04,6,42,412.3,460
K04,6,42,461.8,460
K04,6,42,529.5,460
K04,6,42,377.1,460
K04,6,42,471.9,460
K04,6,42,432.6,460
K04,6,42,466.3,460
K04,6,42,496.0,460
K04,6,42,471.2,460
K04,6,42,408.7,460
K04,6,42,434.6,460
K04,6,42,532.4,460
K04,6,42,476.7,460
K04,6,42,502.6,460
K04,6,42,472.7,460
K04,6,42,501.1,460
K04,6,42,439.9,460
K04,6,42,421.1,460
K04,6,42,498.8,460
K04,6,42,517.2,460
K04,6,42,413.6,460
K04,6,42,430.8,460
K04,6,42,451.7,460
K04,6,42,542.2,460
K04,6,42,488.6,460
K04,6,42,392.8,460
K04,6,42,455.3,460
K04,6,42,447.5,460
K04,6,42,400.5,460
K04,6,42,454.7,460
K04,6,42,445.3,460
K04,6,42,441.6,460
K04,6,42,439.3,460
K04,6,42,534.7,460
K04,6,42,441.5,460
K04,6,42,462.5,460
K04,6,42,457.0,460
K04,6,42,434.4,460
K04,6,42,464.0,460
K04,7,49,542.9,540
K04,7,49,578.7,540
K04,7,49,543.6,540
K04,7,49,591.4,540
K04,7,49,522.5,540
K04,7,49,490.5,540
K04,7,49,604.0,540
K04,7,49,534.9,540
K04,7,49,550.0,540
K04,7,49,595.7,540
K04,7,49,493.5,540
K04,7,49,566.8,540
K04,7,49,513.4,540
K04,7,49,534.0,540
K04,7,49,543.3,540
K04,7,49,472.4,540
K04,7,49,504.9,540
K04,7,49,600.9,540
K04,7,49,579.9,540
K04,7,49,537.2,540
K04,7,49,551.0,540
K04,7,49,526.7,540
K04,7,49,601.1,540
K04,7,49,531.0,540
K04,7,49,550.4,540
K04,7,49,591.7,540
K04,7,49,505.0,540
K04,7,49,610.3,540
K04,7,49,471.0,540
K04,7,49,613.5,540
K04,7,49,523.2,540
K04,7,49,529.1,540
K04,7,49,454.8,540
K04,7,49,519.5,540
K04,7,49,493.1,540
K04,7,49,512.6,540
K04,7,49,533.8,540
K04,7,49,583.2,540
K04,7,49,549.4,540
K04,7,49,553.9,540
K04,7,49,490.6,540
K04,7,49,500.3,540
K04,7,49,621.1,540
K04,7,49,506.9,540
K04,7,49,614.7,540
K04,7,49,529.0,540
K04,7,49,540.1,540
K04,7,49,588.2,540
K04,7,49,597.3,540
K04,8,56,627.8,620
K04,8,56,617.9,620
K04,8,56,623.4,620
K04,8,56,482.8,620
K04,8,56,633.0,620
K04,8,56,644.4,620
K04,8,56,687.6,620
K04,8,56,638.6,620
K04,8,56,613.4,620
K04,8,56,675.9,620
K04,8,56,500.8,620
K04,8,56,594.0,620
K04,8,56,581.3,620
K04,8,56,618.3,620
K04,8,56,508.9,620
K04,8,56,686.7,620
K04,8,56,607.4,620
K04,8,56,636.1,620
K04,8,56,631.3,620
K04,8,56,683.8,620
K04,8,56,525.9,620
K04,8,56,625.7,620
K04,8,56,677.9,620
K04,8,56,615.0,620
K04,8,56,571.9,620
K04,8,56,589.5,620
K04,8,56,600.1,620
K04,8,56,583.5,620
K04,8,56,612.3,620
K04,8,56,696.2,620
K04,8,56,589.8,620
K04,8,56,595.3,620
K04,8,56,643.2,620
K04,8,56,611.2,620
K04,8,56,552.8,620
K04,8,56,616.9,620
K04,8,56,615.0,620
K04,8,56,669.3,620
K04,8,56,570.9,620
K04,8,56,669.7,620
K04,8,56,615.1,620
K04,8,56,564.0,620
K04,8,56,553.8,620
K04,8,56,717.8,620
K04,8,56,611.9,620
K04,8,56,667.3,620
K04,8,56,533.7,620
K04,8,56,753.3,620
K04,8,56,665.2,620
K04,9,63,679.3,700
K04,9,63,788.9,700
K04,9,63,573.1,700
K04,9,63,456.3,700
K04,9,63,746.3,700
K04,9,63,719.7,700
K04,9,63,611.7,700
K04,9,63,620.1,700
K04,9,63,621.4,700
K04,9,63,709.0,700
K04,9,63,649.2,700
K04,9,63,740.0,700
K04,9,63,468.7,700
K04,9,63,630.6,700
K04,9,63,608.8,700
K04,9,63,679.2,700
K04,9,63,656.4,700
K04,9,63,764.6,700
K04,9,63,549.3,700
K04,9,63,703.7,700
K04,9,63,745.2,700
K04,9,63,850.4,700
K04,9,63,661.0,700
K04,9,63,726.3,700
K04,9,63,553.8,700
K04,9,63,506.2,700
K04,9,63,768.5,700
K04,9,63,699.5,700
K04,9,63,795.5,700
K04,9,63,588.7,700
K04,9,63,742.1,700
K04,9,63,851.4,700
K04,9,63,734.0,700
K04,9,63,722.4,700
K04,9,63,700.7,700
K04,9,63,572.7,700
K04,9,63,809.8,700
K04,9,63,650.5,700
K04,9,63,740.9,700
K04,9,63,573.3,700
K04,9,63,604.4,700
K04,9,63,816.3,700
K04,9,63,671.9,700
K04,9,63,817.8,700
K04,9,63,693.7,700
K04,9,63,550.8,700
K04,9,63,772.3,700
K04,9,63,652.2,700
K04,9,63,756.6,700
K04,10,70,660.8,780
K04,10,70,782.2,780
K04,10,70,578.4,780
K04,10,70,821.0,780
K04,10,70,785.0,780
K04,10,70,812.7,780
K04,10,70,853.4,780
K04,10,70,793.8,780
K04,10,70,893.2,780
K04,10,70,823.2,780
K04,10,70,727.5,780
K04,10,70,763.5,780
K04,10,70,623.1,780
K04,10,70,717.4,780
K04,10,70,753.6,780
K04,10,70,817.9,780
K04,10,70,727.9,780
K04,10,70,693.5,780
K04,10,70,649.0,780
K04,10,70,738.6,780
K04,10,70,915.4,780
K04,10,70,798.8,780
K04,10,70,845.2,780
K04,10,70,717.5,780
K04,10,70,670.8,780
K04,10,70,695.3,780
K04,10,70,773.3,780
K04,10,70,641.6,780
K04,10,70,710.1,780
K04,10,70,739.3,780
K04,10,70,688.3,780
K04,10,70,632.6,780
K04,10,70,800.1,780
K04,10,70,783.2,780
K04,10,70,834.1,780
K04,10,70,702.9,780
K04,10,70,832.7,780
K04,10,70,886.1,780
K04,10,70,798.2,780
K04,10,70,737.7,780
K04,10,70,790.1,780
K04,10,70,734.3,780
K04,10,70,722.8,780
K04,10,70,827.4,780
K04,10,70,770.3,780
K04,10,70,863.6,780
K04,10,70,749.3,780
K04,10,70,756.3,780
K04,10,70,740.7,780
K04,11,77,759.0,860
K04,11,77,764.9,860
K04,11,77,871.4,860
K04,11,77,771.2,860
K04,11,77,788.6,860
K04,11,77,821.8,860
K04,11,77,736.9,860
K04,11,77,772.2,860
K04,11,77,923.4,860
K04,11,77,742.2,860
K04,11,77,716.0,860
K04,11,77,803.2,860
K04,11,77,926.0,860
K04,11,77,842.3,860
K04,11,77,818.1,860
K04,11,77,864.0,860
K04,11,77,702.6,860
K04,11,77,904.6,860
K04,11,77,894.6,860
K04,11,77,823.1,860
K04,11,77,950.7,860
K04,11,77,758.4,860
K04,11,77,961.7,860
K04,11,77,873.9,860
K04,11,77,829.7,860
K04,11,77,858.2,860
K04,11,77,850.3,860
K04,11,77,970.0,860
K04,11,77,763.0,860
K04,11,77,791.3,860
K04,11,77,953.4,860
K04,11,77,806.3,860
K04,11,77,941.2,860
K04,11,77,1013.2,860
K04,11,77,823.8,860
K04,11,77,921.4,860
K04,11,77,756.0,860
K04,11,77,928.0,860
K04,11,77,878.0,860
K04,11,77,902.6,860
K04,11,77,801.8,860
K04,11,77,710.3,860
K04,11,77,905.4,860
K04,11,77,674.0,860
K04,11,77,831.4,860
K04,11,77,944.8,860
K04,11,77,877.3,860
K04,11,77,1035.6,860
K04,11,77,952.4,860
K04,12,84,753.8,940
K04,12,84,932.2,940
K04,12,84,941.7,940
K04,12,84,812.7,940
K04,12,84,830.7,940
K04,12,84,860.0,940
K04,12,84,835.9,940
K04,12,84,929.8,940
K04,12,84,882.9,940
K04,12,84,970.1,940
K04,12,84,1001.5,940
K04,12,84,995.1,940
K04,12,84,901.2,940
K04,12,84,966.9,940
K04,12,84,1038.0,940
K04,12,84,982.2,940
K04,12,84,1116.1,940
K04,12,84,1033.0,940
K04,12,84,1102.7,940
K04,12,84,704.0,940
K04,12,84,949.2,940
K04,12,84,909.3,940
K04,12,84,928.2,940
K04,12,84,863.8,940
K04,12,84,977.5,940
K04,12,84,768.7,940
K04,12,84,978.2,940
K04,12,84,866.9,940
K04,12,84,892.6,940
K04,12,84,981.5,940
K04,12,84,947.5,940
K04,12,84,1039.8,940
K04,12,84,848.2,940
K04,12,84,932.4,940
K04,12,84,1024.2,940
K04,12,84,974.2,940
K04,12,84,980.3,940
K04,12,84,1044.9,940
K04,12,84,901.5,940
K04,12,84,881.6,940
K04,12,84,994.5,940
K04,12,84,925.8,940
K04,12,84,1046.3,940
K04,12,84,975.0,940
K04,12,84,881.0,940
K04,12,84,972.0,940
K04,12,84,854.5,940
K04,12,84,1029.7,940
K04,13,91,923.0,1020
K04,13,91,916.2,1020
K04,13,91,1136.3,1020
K04,13,91,1121.5,1020
K04,13,91,1072.5,1020
K04,13,91,1135.4,1020
K04,13,91,925.3,1020
K04,13,91,1057.5,1020
K04,13,91,1006.5,1020
K04,13,91,1111.2,1020
K04,13,91,1007.6,1020
K04,13,91,978.6,1020
K04,13,91,1078.2,1020
K04,13,91,1114.3,1020
K04,13,91,948.0,1020
K04,13,91,1013.4,1020
K04,13,91,906.0,1020
K04,13,91,751.0,1020
K04,13,91,1041.6,1020
K04,13,91,1085.6,1020
K04,13,91,1048.2,1020
K04,13,91,810.1,1020
K04,13,91,982.2,1020
K04,13,91,781.1,1020
K04,13,91,1167.5,1020
K04,13,91,903.1,1020
K04,13,91,1155.2,1020
K04,13,91,1121.8,1020
K04,13,91,923.0,1020
K04,13,91,898.0,1020
K04,13,91,1057.7,1020
K04,13,91,929.1,1020
K04,13,91,1031.0,1020
K04,13,91,968.0,1020
K04,13,91,828.2,1020
K04,13,91,779.8,1020
K04,13,91,1044.4,1020
K04,13,91,959.5,1020
K04,13,91,960.4,1020
K04,13,91,1094.9,1020
K04,13,91,1146.4,1020
K04,13,91,990.7,1020
K04,13,91,983.3,1020
K04,13,91,1073.9,1020
K04,13,91,873.9,1020
K04,13,91,1044.0,1020
K04,13,91,1079.4,1020
K04,13,91,1093.2,1020
K04,14,98,1080.8,1100
K04,14,98,1206.3,1100
K04,14,98,1153.8,1100
K04,14,98,917.6,1100
K04,14,98,1118.1,1100
K04,14,98,1071.2,1100
K04,14,98,985.2,1100
K04,14,98,1130.2,1100
K04,14,98,1055.7,1100
K04,14,98,1056.2,1100
K04,14,98,1111.2,1100
K04,14,98,1043.6,1100
K04,14,98,1108.6,1100
K04,14,98,1046.5,1100
K04,14,98,1051.5,1100
K04,14,98,1189.5,1100
K04,14,98,1198.7,1100
K04,14,98,946.0,1100
K04,14,98,1167.3,1100
K04,14,98,1226.1,1100
K04,14,98,1240.4,1100
K04,14,98,1146.9,1100
K04,14,98,1004.7,1100
K04,14,98,1156.8,1100
K04,14,98,1021.6,1100
K04,14,98,1069.1,1100
K04,14,98,1134.5,1100
K04,14,98,1027.5,1100
K04,14,98,996.7,1100
K04,14,98,1142.0,1100
K04,14,98,1268.3,1100
K04,14,98,1212.1,1100
K04,14,98,1163.7,1100
K04,14,98,1188.3,1100
K04,14,98,1157.5,1100
K04,14,98,1140.6,1100
K04,14,98,1181.0,1100
K04,14,98,976.6,1100
K04,14,98,1118.0,1100
K04,14,98,1092.7,1100
K04,14,98,1107.1,1100
K04,14,98,1058.4,1100
K04,14,98,1146.9,1100
K04,14,98,1026.3,1100
K04,14,98,1051.9,1100
K04,14,98,1041.1,1100
K04,14,98,1177.9,1100
K04,14,98,1098.9,1100
K04,15,105,1223.9,1180
K04,15,105,1119.7,1180
K04,15,105,1272.0,1180
K04,15,105,1180.1,1180
K04,15,105,1221.3,1180
K04,15,105,1080.0,1180
K04,15,105,1118.5,1180
K04,15,105,1132.1,1180
K04,15,105,1269.4,1180
K04,15,105,1355.1,1180
K04,15,105,1095.9,1180
K04,15,105,1292.4,1180
K04,15,105,953.5,1180
K04,15,105,1055.3,1180
K04,15,105,1079.9,1180
K04,15,105,1038.8,1180
K04,15,105,1014.7,1180
K04,15,105,1223.1,1180
K04,15,105,1157.7,1180
K04,15,105,1219.6,1180
K04,15,105,1252.1,1180
K04,15,105,1207.7,1180
K04,15,105,1248.7,1180
K04,15,105,1172.7,1180
K04,15,105,1056.1,1180
K04,15,105,1290.4,1180
K04,15,105,1118.5,1180
K04,15,105,1082.3,1180
K04,15,105,1161.4,1180
K04,15,105,1084.7,1180
K04,15,105,1136.4,1180
K04,15,105,1215.9,1180
K04,15,105,1216.4,1180
K04,15,105,1086.3,1180
K04,15,105,1129.1,1180
K04,15,105,1292.2,1180
K04,15,105,1231.8,1180
K04,15,105,1396.6,1180
K04,15,105,1303.2,1180
K04,15,105,1299.5,1180
K04,15,105,1035.1,1180
K04,15,105,1259.7,1180
K04,15,105,1174.5,1180
K04,15,105,1122.5,1180
K04,15,105,1197.5,1180
K04,15,105,1278.7,1180
K04,15,105,1232.3,1180
K04,15,105,1088.3,1180
K04,16,112,1113.0,1260
K04,16,112,1367.1,1260
K04,16,112,1235.5,1260
K04,16,112,1278.6,1260
K04,16,112,1277.1,1260
K04,16,112,1271.7,1260
K04,16,112,1465.3,1260
K04,16,112,1075.8,1260
K04,16,112,1027.9,1260
K04,16,112,999.4,1260
K04,16,112,1404.1,1260
K04,16,112,1155.8,1260
K04,16,112,1277.8,1260
K04,16,112,1244.5,1260
K04,16,112,1140.5,1260
K04,16,112,1374.8,1260
K04,16,112,1242.8,1260
K04,16,112,1228.0,1260
K04,16,112,1291.4,1260
K04,16,112,1357.1,1260
K04,16,112,1130.7,1260
K04,16,112,1377.7,1260
K04,16,112,1455.4,1260
K04,16,112,1067.8,1260
K04,16,112,1297.5,1260
K04,16,112,1218.9,1260
K04,16,112,1354.2,1260
K04,16,112,1096.0,1260
K04,16,112,1479.6,1260
K04,16,112,1043.3,1260
K04,16,112,1227.1,1260
K04,16,112,1318.5,1260
K04,16,112,1167.5,1260
K04,16,112,1146.3,1260
K04,16,112,1290.0,1260
K04,16,112,1270.5,1260
K04,16,112,1260.8,1260
K04,16,112,1375.7,1260
K04,16,112,1206.8,1260
K04,16,112,1303.1,1260
K04,16,112,1191.7,1260
K04,16,112,1145.5,1260
K04,16,112,1221.6,1260
K04,16,112,1192.8,1260
K04,16,112,1199.5,1260
K04,16,112,1417.1,1260
K04,16,112,1225.8,1260
K04,16,112,1170.7,1260
K05,1,7,94.6,110
K05,1,7,133.9,110
K05,1,7,102.6,110
K05,1,7,120.9,110
K05,1,7,112.7,110
K05,1,7,97.1,110
K05,1,7,109.9,110
K05,1,7,120.3,110
K05,1,7,107.5,110
K05,1,7,125.7,110
K05,1,7,123.4,110
K05,1,7,122.1,110
K05,1,7,104.0,110
K05,1,7,95.8,110
K05,1,7,102.0,110
K05,1,7,112.6,110
K05,1,7,117.2,110
K05,1,7,81.5,110
K05,1,7,109.9,110
K05,1,7,112.1,110
K05,1,7,106.4,110
K05,1,7,126.9,110
K05,1,7,115.5,110
K05,1,7,127.2,110
K05,1,7,107.2,110
K05,1,7,122.3,110
K05,1,7,131.4,110
K05,1,7,127.2,110
K05,1,7,95.7,110
K05,1,7,106.7,110
K05,1,7,105.5,110
K05,1,7,116.4,110
K05,1,7,119.0,110
K05,1,7,99.0,110
K05,1,7,110.9,110
K05,1,7,83.5,110
K05,1,7,128.9,110
K05,1,7,103.3,110
K05,1,7,110.7,110
K05,1,7,105.9,110
K05,1,7,125.0,110
K05,1,7,72.8,110
K05,1,7,109.8,110
K05,1,7,108.6,110
K05,1,7,104.0,110
K05,1,7,132.6,110
K05,1,7,98.4,110
K05,1,7,120.1,110
K05,1,7,114.7,110
K05,2,14,211.2,190
K05,2,14,200.8,190
K05,2,14,167.9,190
K05,2,14,184.8,190
K05,2,14,210.2,190
K05,2,14,200.1,190
K05,2,14,183.4,190
K05,2,14,180.0,190
K05,2,14,222.7,190
K05,2,14,165.7,190
K05,2,14,189.0,190
K05,2,14,165.4,190
K05,2,14,212.1,190
K05,2,14,189.9,190
K05,2,14,193.0,190
K05,2,14,236.5,190
K05,2,14,180.0,190
K05,2,14,219.4,190
K05,2,14,183.4,190
K05,2,14,186.1,190
K05,2,14,234.3,190
K05,2,14,187.3,190
K05,2,14,166.9,190
K05,2,14,194.7,190
K05,2,14,187.1,190
K05,2,14,196.2,190
K05,2,14,187.8,190
K05,2,14,227.2,190
K05,2,14,199.4,190
K05,2,14,171.9,190
K05,2,14,192.1,190
K05,2,14,176.6,190
K05,2,14,185.8,190
K05,2,14,174.7,190
K05,2,14,225.4,190
K05,2,14,178.4,190
K05,2,14,201.6,190
K05,2,14,184.6,190
K05,2,14,170.5,190
K05,2,14,193.3,190
K05,2,14,196.7,190
K05,2,14,199.4,190
K05,2,14,145.9,190
K05,2,14,169.3,190
K05,2,14,206.1,190
K05,2,14,174.5,190
K05,2,14,193.4,190
K05,2,14,168.9,190
K05,2,14,202.3,190
K05,3,21,290.3,270
K05,3,21,302.5,270
K05,3,21,295.3,270
K05,3,21,277.4,270
K05,3,21,263.2,270
K05,3,21,253.1,270
K05,3,21,313.2,270
K05,3,21,249.5,270
K05,3,21,239.6,270
K05,3,21,289.5,270
K05,3,21,246.6,270
K05,3,21,242.1,270
K05,3,21,227.6,270
K05,3,21,255.8,270
K05,3,21,267.6,270
K05,3,21,277.1,270
K05,3,21,297.9,270
K05,3,21,285.5,270
K05,3,21,264.4,270
K05,3,21,264.2,270
K05,3,21,285.0,270
K05,3,21,307.3,270
K05,3,21,273.7,270
K05,3,21,256.2,270
K05,3,21,240.9,270
K05,3,21,227.6,270
K05,3,21,289.6,270
K05,3,21,287.0,270
K05,3,21,286.9,270
K05,3,21,266.2,270
K05,3,21,311.3,270
K05,3,21,255.8,270
K05,3,21,298.0,270
K05,3,21,268.9,270
K05,3,21,252.1,270
K05,3,21,287.4,270
K05,3,21,282.0,270
K05,3,21,280.5,270
K05,3,21,272.4,270
K05,3,21,268.9,270
K05,3,21,340.1,270
K05,3,21,304.8,270
K05,3,21,291.2,270
K05,3,21,273.3,270
K05,3,21,299.6,270
K05,3,21,285.2,270
K05,3,21,270.8,270
K05,3,21,261.1,270
K05,3,21,267.6,270
K05,4,28,258.0,350
K05,4,28,351.0,350
K05,4,28,407.9,350
K05,4,28,347.4,350
K05,4,28,396.1,350
K05,4,28,361.8,350
K05,4,28,322.1,350
K05,4,28,353.9,350
K05,4,28,346.6,350
K05,4,28,318.6,350
K05,4,28,360.4,350
K05,4,28,350.6,350
K05,4,28,366.1,350
K05,4,28,355.6,350
K05,4,28,331.1,350
K05,4,28,372.3,350
K05,4,28,331.9,350
K05,4,28,260.1,350
K05,4,28,353.7,350
K05,4,28,333.9,350
K05,4,28,361.1,350
K05,4,28,408.0,350
K05,4,28,408.8,350
K05,4,28,345.2,350
K05,4,28,326.0,350
K05,4,28,367.0,350
K05,4,28,339.3,350
K05,4,28,361.4,350
K05,4,28,330.8,350
K05,4,28,357.3,350
K05,4,28,326.4,350
K05,4,28,384.4,350
K05,4,28,332.9,350
K05,4,28,369.2,350
K05,4,28,313.3,350
K05,4,28,372.7,350
K05,4,28,322.0,350
K05,4,28,357.6,350
K05,4,28,379.7,350
K05,4,28,344.2,350
K05,4,28,320.1,350
K05,4,28,364.4,350
K05,4,28,325.6,350
K05,4,28,338.3,350
K05,4,28,357.7,350
K05,4,28,389.5,350
K05,4,28,350.8,350
K05,4,28,350.7,350
K05,4,28,371.4,350
K05,5,35,312.3,430
K05,5,35,469.7,430
K05,5,35,428.8,430
K05,5,35,491.0,430
K05,5,35,374.4,430
K05,5,35,268.8,430
K05,5,35,444.2,430
K05,5,35,444.8,430
K05,5,35,344.2,430
K05,5,35,380.3,430
K05,5,35,569.8,430
K05,5,35,414.5,430
K05,5,35,467.1,430
K05,5,35,397.0,430
K05,5,35,323.9,430
K05,5,35,421.4,430
K05,5,35,416.5,430
K05,5,35,409.7,430
K05,5,35,424.2,430
K05,5,35,443.4,430
K05,5,35,422.4,430
K05,5,35,365.9,430
K05,5,35,454.7,430
K05,5,35,331.1,430
K05,5,35,326.0,430
K05,5,35,467.5,430
K05,5,35,455.7,430
K05,5,35,427.1,430
K05,5,35,359.2,430
K05,5,35,394.1,430
K05,5,35,416.7,430
K05,5,35,349.0,430
K05,5,35,392.5,430
K05,5,35,463.1,430
K05,5,35,502.4,430
K05,5,35,408.7,430
K05,5,35,468.4,430
K05,5,35,332.9,430
K05,5,35,463.5,430
K05,5,35,389.2,430
K05,5,35,445.6,430
K05,5,35,417.4,430
K05,5,35,497.0,430
K05,5,35,385.6,430
K05,5,35,461.8,430
K05,5,35,415.8,430
K05,5,35,422.0,430
K05,5,35,420.7,430
K05,5,35,387.1,430
K05,6,42,459.4,460
K05,6,42,487.5,460
K05,6,42,452.0,460
K05,6,42,391.0,460
K05,6,42,473.4,460
K05,6,42,500.7,460
K05,6,42,511.8,460
K05,6,42,444.7,460
K05,6,42,465.9,460
K05,6,42,462.0,460
K05,6,42,520.2,460
K05,6,42,427.3,460
K05,6,42,441.2,460
K05,6,42,426.3,460
K05,6,42,401.4,460
K05,6,42,470.0,460
K05,6,42,524.7,460
K05,6,42,452.0,460
K05,6,42,424.4,460
K05,6,42,467.6,460
K05,6,42,483.8,460
K05,6,42,453.7,460
K05,6,42,516.7,460
K05,6,42,427.2,460
K05,6,42,448.4,460
K05,6,42,472.0,460
K05,6,42,475.9,460
K05,6,42,461.9,460
K05,6,42,408.3,460
K05,6,42,554.5,460
K05,6,42,450.5,460
K05,6,42,464.5,460
K05,6,42,484.9,460
K05,6,42,434.3,460
K05,6,42,462.3,460
K05,6,42,432.6,460
K05,6,42,476.8,460
K05,6,42,448.8,460
K05,6,42,470.9,460
K05,6,42,417.7,460
K05,6,42,426.5,460
K05,6,42,404.8,460
K05,6,42,431.3,460
K05,6,42,356.0,460
K05,6,42,447.6,460
K05,6,42,438.4,460
K05,6,42,466.1,460
K05,6,42,461.8,460
K05,6,42,510.8,460
K05,7,49,472.1,540
K05,7,49,552.7,540
K05,7,49,506.8,540
K05,7,49,484.6,540
K05,7,49,466.9,540
K05,7,49,563.6,540
K05,7,49,502.8,540
K05,7,49,592.8,540
K05,7,49,594.2,540
K05,7,49,615.0,540
K05,7,49,493.5,540
K05,7,49,565.9,540
K05,7,49,574.5,540
K05,7,49,514.1,540
K05,7,49,497.9,540
K05,7,49,627.9,540
K05,7,49,552.4,540
K05,7,49,574.7,540
K05,7,49,495.1,540
K05,7,49,473.4,540
K05,7,49,508.9,540
K05,7,49,533.2,540
K05,7,49,481.9,540
K05,7,49,539.5,540
K05,7,49,447.8,540
K05,7,49,478.9,540
K05,7,49,576.6,540
K05,7,49,573.0,540
K05,7,49,518.6,540
K05,7,49,484.4,540
K05,7,49,483.9,540
K05,7,49,519.6,540
K05,7,49,575.2,540
K05,7,49,590.7,540
K05,7,49,512.9,540
K05,7,49,477.0,540
K05,7,49,554.6,540
K05,7,49,495.0,540
K05,7,49,511.7,540
K05,7,49,612.3,540
K05,7,49,585.1,540
K05,7,49,548.6,540
K05,7,49,470.6,540
K05,7,49,551.5,540
K05,7,49,598.0,540
K05,7,49,519.5,540
K05,7,49,613.7,540
K05,7,49,610.6,540
K05,7,49,630.8,540
K05,8,56,640.9,620
K05,8,56,542.2,620
K05,8,56,644.9,620
K05,8,56,664.6,620
K05,8,56,680.3,620
K05,8,56,614.9,620
K05,8,56,561.4,620
K05,8,56,585.7,620
K05,8,56,551.1,620
K05,8,56,616.5,620
K05,8,56,603.1,620
K05,8,56,766.7,620
K05,8,56,681.2,620
K05,8,56,686.3,620
K05,8,56,652.2,620
K05,8,56,594.9,620
K05,8,56,601.2,620
K05,8,56,607.4,620
K05,8,56,632.9,620
K05,8,56,646.6,620
K05,8,56,620.0,620
K05,8,56,600.1,620
K05,8,56,579.4,620
K05,8,56,524.8,620
K05,8,56,707.7,620
K05,8,56,770.8,620
K05,8,56,702.0,620
K05,8,56,533.9,620
K05,8,56,673.8,620
K05,8,56,690.0,620
K05,8,56,592.4,620
K05,8,56,653.4,620
K05,8,56,588.8,620
K05,8,56,724.5,620
K05,8,56,645.0,620
K05,8,56,557.3,620
K05,8,56,665.8,620
K05,8,56,692.4,620
K05,8,56,633.5,620
K05,8,56,652.8,620
K05,8,56,615.2,620
K05,8,56,542.4,620
K05,8,56,609.6,620
K05,8,56,655.8,620
K05,8,56,611.2,620
K05,8,56,674.7,620
K05,8,56,593.2,620
K05,8,56,597.7,620
K05,8,56,676.8,620
K05,9,63,645.2,700
K05,9,63,765.3,700
K05,9,63,682.8,700
K05,9,63,784.7,700
K05,9,63,789.2,700
K05,9,63,695.3,700
K05,9,63,641.2,700
K05,9,63,578.3,700
K05,9,63,614.1,700
K05,9,63,619.9,700
K05,9,63,780.4,700
K05,9,63,706.8,700
K05,9,63,722.7,700
K05,9,63,570.5,700
K05,9,63,630.1,700
K05,9,63,751.7,700
K05,9,63,716.7,700
K05,9,63,691.4,700
K05,9,63,732.9,700
K05,9,63,795.4,700
K05,9,63,687.1,700
K05,9,63,704.0,700
K05,9,63,711.2,700
K05,9,63,839.5,700
K05,9,63,577.5,700
K05,9,63,739.9,700
K05,9,63,693.3,700
K05,9,63,733.1,700
K05,9,63,661.7,700
K05,9,63,697.1,700
K05,9,63,741.5,700
K05,9,63,881.6,700
K05,9,63,747.1,700
K05,9,63,650.5,700
K05,9,63,675.3,700
K05,9,63,673.6,700
K05,9,63,595.3,700
K05,9,63,680.7,700
K05,9,63,742.7,700
K05,9,63,625.7,700
K05,9,63,761.2,700
K05,9,63,728.5,700
K05,9,63,657.2,700
K05,9,63,691.7,700
K05,9,63,793.2,700
K05,9,63,742.8,700
K05,9,63,700.5,700
K05,9,63,686.1,700
K05,9,63,704.5,700
K05,10,70,733.4,780
K05,10,70,783.9,780
K05,10,70,825.0,780
K05,10,70,840.8,780
K05,10,70,774.3,780
K05,10,70,736.8,780
K05,10,70,797.2,780
K05,10,70,634.7,780
K05,10,70,760.8,780
K05,10,70,554.8,780
K05,10,70,627.3,780
K05,10,70,613.6,780
K05,10,70,875.4,780
K05,10,70,781.3,780
K05,10,70,665.0,780
K05,10,70,824.7,780
K05,10,70,870.1,780
K05,10,70,826.3,780
K05,10,70,762.8,780
K05,10,70,801.2,780
K05,10,70,862.2,780
K05,10,70,737.2,780
K05,10,70,782.7,780
K05,10,70,756.6,780
K05,10,70,633.0,780
K05,10,70,863.5,780
K05,10,70,967.5,780
K05,10,70,700.4,780
K05,10,70,867.7,780
K05,10,70,703.3,780
K05,10,70,792.1,780
K05,10,70,917.4,780
K05,10,70,732.6,780
K05,10,70,778.7,780
K05,10,70,615.8,780
K05,10,70,719.5,780
K05,10,70,606.3,780
K05,10,70,819.1,780
K05,10,70,855.8,780
K05,10,70,759.8,780
K05,10,70,806.1,780
K05,10,70,750.3,780
K05,10,70,847.5,780
K05,10,70,791.8,780
K05,10,70,599.1,780
K05,10,70,865.7,780
K05,10,70,744.5,780
K05,10,70,664.2,780
K05,10,70,740.0,780
K05,11,77,922.0,860
K05,11,77,842.9,860
K05,11,77,862.6,860
K05,11,77,994.1,860
K05,11,77,858.3,860
K05,11,77,884.1,860
K05,11,77,761.7,860
K05,11,77,841.7,860
K05,11,77,910.8,860
K05,11,77,730.3,860
K05,11,77,876.8,860
K05,11,77,868.4,860
K05,11,77,863.4,860
K05,11,77,946.5,860
K05,11,77,887.9,860
K05,11,77,983.3,860
K05,11,77,777.1,860
K05,11,77,871.3,860
K05,11,77,867.0,860
K05,11,77,770.8,860
K05,11,77,939.8,860
K05,11,77,1053.9,860
K05,11,77,858.6,860
K05,11,77,902.1,860
K05,11,77,867.0,860
K05,11,77,800.5,860
K05,11,77,708.1,860
K05,11,77,801.1,860
K05,11,77,743.9,860
K05,11,77,1002.1,860
K05,11,77,850.4,860
K05,11,77,831.1,860
K05,11,77,934.2,860
K05,11,77,766.4,860
K05,11,77,796.0,860
K05,11,77,865.7,860
K05,11,77,945.8,860
K05,11,77,901.8,860
K05,11,77,880.7,860
K05,11,77,866.5,860
K05,11,77,893.4,860
K05,11,77,876.8,860
K05,11,77,774.1,860
K05,11,77,863.8,860
K05,11,77,770.4,860
K05,11,77,866.8,860
K05,11,77,819.9,860
K05,11,77,1071.8,860
K05,12,84,1003.6,940
K05,12,84,938.8,940
K05,12,84,818.4,940
K05,12,84,752.8,940
K05,12,84,1013.9,940
K05,12,84,1092.8,940
K05,12,84,867.5,940
K05,12,84,776.6,940
K05,12,84,907.9,940
K05,12,84,847.6,940
K05,12,84,875.9,940
K05,12,84,1000.2,940
K05,12,84,935.0,940
K05,12,84,858.2,940
K05,12,84,998.0,940
K05,12,84,1005.8,940
K05,12,84,906.8,940
K05,12,84,953.6,940
K05,12,84,991.3,940
K05,12,84,982.0,940
K05,12,84,944.0,940
K05,12,84,1081.3,940
K05,12,84,997.5,940
K05,12,84,895.6,940
K05,12,84,896.2,940
K05,12,84,885.0,940
K05,12,84,1002.3,940
K05,12,84,878.6,940
K05,12,84,898.1,940
K05,12,84,1044.3,940
K05,12,84,958.9,940
K05,12,84,1058.2,940
K05,12,84,1018.7,940
K05,12,84,824.0,940
K05,12,84,929.9,940
K05,12,84,1037.6,940
K05,12,84,819.5,940
K05,12,84,981.4,940
K05,12,84,936.1,940
K05,12,84,767.0,940
K05,12,84,951.8,940
K05,12,84,857.4,940
K05,12,84,824.9,940
K05,12,84,940.9,940
K05,12,84,749.6,940
K05,12,84,873.5,940
K05,12,84,1191.6,940
K05,12,84,1004.1,940
K05,13,91,1085.1,1020
K05,13,91,1099.8,1020
K05,13,91,978.7,1020
K05,13,91,1007.7,1020
K05,13,91,957.2,1020
K05,13,91,927.6,1020
K05,13,91,1045.4,1020
K05,13,91,915.6,1020
K05,13,91,986.0,1020
K05,13,91,938.4,1020
K05,13,91,1065.0,1020
K05,13,91,1167.6,1020
K05,13,91,913.3,1020
K05,13,91,868.2,1020
K05,13,91,1009.8,1020
K05,13,91,1021.3,1020
K05,13,91,1037.9,1020
K05,13,91,983.4,1020
K05,13,91,1003.6,1020
K05,13,91,1050.1,1020
K05,13,91,1105.3,1020
K05,13,91,859.8,1020
K05,13,91,989.8,1020
K05,13,91,1037.5,1020
K05,13,91,944.8,1020
K05,13,91,1161.9,1020
K05,13,91,967.9,1020
K05,13,91,1016.6,1020
K05,13,91,1065.6,1020
K05,13,91,971.5,1020
K05,13,91,868.7,1020
K05,13,91,984.9,1020
K05,13,91,1104.4,1020
K05,13,91,992.4,1020
K05,13,91,950.6,1020
K05,13,91,1095.9,1020
K05,13,91,992.9,1020
K05,13,91,978.2,1020
K05,13,91,1032.2,1020
K05,13,91,1083.2,1020
K05,13,91,1215.2,1020
K05,13,91,1087.8,1020
K05,13,91,1115.0,1020
K05,13,91,978.5,1020
K05,13,91,935.9,1020
K05,13,91,1025.1,1020
K05,13,91,1028.8,1020
K05,13,91,931.6,1020
K05,14,98,1198.2,1100
K05,14,98,1049.1,1100
K05,14,98,1000.0,1100
K05,14,98,1204.8,1100
K05,14,98,990.9,1100
K05,14,98,1183.0,1100
K05,14,98,1104.0,1100
K05,14,98,799.0,1100
K05,14,98,1025.8,1100
K05,14,98,1143.3,1100
K05,14,98,1047.5,1100
K05,14,98,770.9,1100
K05,14,98,1270.7,1100
K05,14,98,1121.9,1100
K05,14,98,1157.3,1100
K05,14,98,1038.8,1100
K05,14,98,1168.7,1100
K05,14,98,1337.1,1100
K05,14,98,1005.0,1100
K05,14,98,1315.4,1100
K05,14,98,1151.5,1100
K05,14,98,987.7,1100
K05,14,98,1385.9,1100
K05,14,98,1150.6,1100
K05,14,98,1187.4,1100
K05,14,98,1065.2,1100
K05,14,98,997.1,1100
K05,14,98,1121.7,1100
K05,14,98,1304.3,1100
K05,14,98,1060.0,1100
K05,14,98,1096.5,1100
K05,14,98,1288.2,1100
K05,14,98,1061.2,1100
K05,14,98,1165.9,1100
K05,14,98,1213.4,1100
K05,14,98,1074.6,1100
K05,14,98,1140.0,1100
K05,14,98,1185.4,1100
K05,14,98,1048.2,1100
K05,14,98,1205.4,1100
K05,14,98,1029.3,1100
K05,14,98,1012.8,1100
K05,14,98,902.7,1100
K05,14,98,1034.9,1100
K05,14,98,994.6,1100
K05,14,98,1048.2,1100
K05,14,98,1179.1,1100
K05,14,98,877.0,1100
K05,15,105,1324.4,1180
K05,15,105,1090.2,1180
K05,15,105,1211.4,1180
K05,15,105,1228.1,1180
K05,15,105,1317.3,1180
K05,15,105,1085.7,1180
K05,15,105,1305.9,1180
K05,15,105,1116.9,1180
K05,15,105,1026.0,1180
K05,15,105,1263.5,1180
K05,15,105,1328.8,1180
K05,15,105,1478.3,1180
K05,15,105,1041.7,1180
K05,15,105,1260.6,1180
K05,15,105,1132.8,1180
K05,15,105,1270.3,1180
K05,15,105,1010.5,1180
K05,15,105,1034.5,1180
K05,15,105,1090.6,1180
K05,15,105,1189.1,1180
K05,15,105,1106.1,1180
K05,15,105,1256.0,1180
K05,15,105,1298.4,1180
K05,15,105,1249.1,1180
K05,15,105,1366.6,1180
K05,15,105,1227.9,1180
K05,15,105,1039.7,1180
K05,15,105,1337.1,1180
K05,15,105,1110.3,1180
K05,15,105,1284.9,1180
K05,15,105,1361.4,1180
K05,15,105,1232.6,1180
K05,15,105,1007.6,1180
K05,15,105,1074.2,1180
K05,15,105,1332.5,1180
K05,15,105,1160.5,1180
K05,15,105,1189.2,1180
K05,15,105,1267.5,1180
K05,15,105,1260.3,1180
K05,15,105,1212.1,1180
K05,15,105,1155.9,1180
K05,15,105,1144.0,1180
K05,15,105,1278.9,1180
K05,15,105,1243.8,1180
K05,15,105,1150.3,1180
K05,15,105,1304.7,1180
K05,15,105,1165.1,1180
K05,15,105,1081.8,1180
K05,16,112,1369.5,1260
K05,16,112,1176.0,1260
K05,16,112,1474.4,1260
K05,16,112,1098.5,1260
K05,16,112,1230.7,1260
K05,16,112,1186.2,1260
K05,16,112,1239.7,1260
K05,16,112,1414.2,1260
K05,16,112,1149.3,1260
K05,16,112,1209.3,1260
K05,16,112,1333.6,1260
K05,16,112,1270.5,1260
K05,16,112,1279.7,1260
K05,16,112,1151.5,1260
K05,16,112,1252.0,1260
K05,16,112,1387.2,1260
K05,16,112,1079.0,1260
K05,16,112,1181.6,1260
K05,16,112,1055.9,1260
K05,16,112,1320.4,1260
K05,16,112,1397.8,1260
K05,16,112,1239.4,1260
K05,16,112,1147.0,1260
K05,16,112,1150.2,1260
K05,16,112,1226.6,1260
K05,16,112,1226.2,1260
K05,16,112,1362.5,1260
K05,16,112,1184.8,1260
K05,16,112,1308.9,1260
K05,16,112,1225.7,1260
K05,16,112,1176.3,1260
K05,16,112,1222.9,1260
K05,16,112,1297.8,1260
K05,16,112,1362.9,1260
K05,16,112,1231.7,1260
K05,16,112,1124.6,1260
K05,16,112,1372.4,1260
K05,16,112,1159.0,1260
K05,16,112,1289.3,1260
K05,16,112,1257.2,1260
K05,16,112,1242.2,1260
K05,16,112,1205.2,1260
K05,16,112,1329.7,1260
K05,16,112,857.3,1260
K05,16,112,1387.8,1260
K05,16,112,1157.4,1260
K05,16,112,1305.9,1260
K05,16,112,1299.9,1260
